dmos,image,noise,reference
0.612698889,I01_01_1.bmp,1,1
0.618618889,i01_01_2.bmp,1,1
0.549382222,i01_01_3.bmp,1,1
0.486486667,i01_01_4.bmp,1,1
0.429428889,i01_01_5.bmp,1,1
0.669841111,i01_02_1.bmp,2,1
0.678678889,i01_02_2.bmp,2,1
0.598765556,i01_02_3.bmp,2,1
0.52381,i01_02_4.bmp,2,1
0.484567778,i01_02_5.bmp,2,1
0.530158889,i01_03_1.bmp,3,1
0.474474444,i01_03_2.bmp,3,1
0.411411111,i01_03_3.bmp,3,1
0.354937778,i01_03_4.bmp,3,1
0.301587778,i01_03_5.bmp,3,1
0.663492222,i01_04_1.bmp,4,1
0.63964,i01_04_2.bmp,4,1
0.585585556,i01_04_3.bmp,4,1
0.582582222,i01_04_4.bmp,4,1
0.52381,i01_04_5.bmp,4,1
0.657657778,i01_05_1.bmp,5,1
0.633633333,i01_05_2.bmp,5,1
0.564814444,i01_05_3.bmp,5,1
0.459876667,i01_05_4.bmp,5,1
0.348765556,i01_05_5.bmp,5,1
0.444444444,i01_06_1.bmp,6,1
0.432432222,i01_06_2.bmp,6,1
0.414414444,i01_06_3.bmp,6,1
0.387301111,i01_06_4.bmp,6,1
0.32716,i01_06_5.bmp,6,1
0.564814444,i01_07_1.bmp,7,1
0.527777778,i01_07_2.bmp,7,1
0.444444444,i01_07_3.bmp,7,1
0.358024444,i01_07_4.bmp,7,1
0.243826667,i01_07_5.bmp,7,1
0.576576667,i01_08_1.bmp,8,1
0.496913333,i01_08_2.bmp,8,1
0.387387778,i01_08_3.bmp,8,1
0.333333333,i01_08_4.bmp,8,1
0.234567778,i01_08_5.bmp,8,1
0.675925556,i01_09_1.bmp,9,1
0.574074444,i01_09_2.bmp,9,1
0.492063333,i01_09_3.bmp,9,1
0.312312222,i01_09_4.bmp,9,1
0.171171111,i01_09_5.bmp,9,1
0.663663333,i01_10_1.bmp,10,1
0.660661111,i01_10_2.bmp,10,1
0.546296667,i01_10_3.bmp,10,1
0.357357778,i01_10_4.bmp,10,1
0.231231111,i01_10_5.bmp,10,1
0.657143333,I01_11_1.BMP,11,1
0.630631111,i01_11_2.bmp,11,1
0.521604444,i01_11_3.bmp,11,1
0.408408889,i01_11_4.bmp,11,1
0.162162222,i01_11_5.bmp,11,1
0.660661111,i01_12_1.bmp,12,1
0.651651111,i01_12_2.bmp,12,1
0.468468889,i01_12_3.bmp,12,1
0.425925556,i01_12_4.bmp,12,1
0.381381111,i01_12_5.bmp,12,1
0.606606667,I01_13_1.BMP,13,1
0.434921111,i01_13_2.bmp,13,1
0.364197778,i01_13_3.bmp,13,1
0.351852222,i01_13_4.bmp,13,1
0.345345556,i01_13_5.bmp,13,1
0.632715556,i01_14_1.bmp,14,1
0.672672222,i01_14_2.bmp,14,1
0.63964,i01_14_3.bmp,14,1
0.617284444,i01_14_4.bmp,14,1
0.496732222,i01_14_5.bmp,14,1
0.314814444,i01_15_1.bmp,15,1
0.314285556,i01_15_2.bmp,15,1
0.345345556,i01_15_3.bmp,15,1
0.398147778,i01_15_4.bmp,15,1
0.432432222,i01_15_5.bmp,15,1
0.645062222,i01_16_1.bmp,16,1
0.672672222,i01_16_2.bmp,16,1
0.54321,i01_16_3.bmp,16,1
0.558642222,i01_16_4.bmp,16,1
0.466048889,i01_16_5.bmp,16,1
0.594594444,i01_17_1.bmp,17,1
0.735735556,i01_17_2.bmp,17,1
0.453453333,i01_17_3.bmp,17,1
0.693693333,i01_17_4.bmp,17,1
0.330158889,i01_17_5.bmp,17,1
0.513513333,i01_18_1.bmp,18,1
0.469135556,i01_18_2.bmp,18,1
0.419047778,i01_18_3.bmp,18,1
0.385802222,i01_18_4.bmp,18,1
0.37963,i01_18_5.bmp,18,1
0.660493333,i01_19_1.bmp,19,1
0.608024444,i01_19_2.bmp,19,1
0.564564444,i01_19_3.bmp,19,1
0.503086667,i01_19_4.bmp,19,1
0.438271111,i01_19_5.bmp,19,1
0.650793333,i01_20_1.bmp,20,1
0.648147778,i01_20_2.bmp,20,1
0.669753333,i01_20_3.bmp,20,1
0.564814444,i01_20_4.bmp,20,1
0.481481111,i01_20_5.bmp,20,1
0.633633333,i01_21_1.bmp,21,1
0.58642,i01_21_2.bmp,21,1
0.51952,i01_21_3.bmp,21,1
0.450793333,i01_21_4.bmp,21,1
0.339338889,i01_21_5.bmp,21,1
0.617284444,i01_22_1.bmp,22,1
0.576576667,i01_22_2.bmp,22,1
0.478395556,i01_22_3.bmp,22,1
0.351351111,i01_22_4.bmp,22,1
0.243826667,i01_22_5.bmp,22,1
0.698412222,i01_23_1.bmp,23,1
0.623456667,i01_23_2.bmp,23,1
0.641975556,i01_23_3.bmp,23,1
0.533951111,i01_23_4.bmp,23,1
0.267267778,i01_23_5.bmp,23,1
0.633633333,i01_24_1.bmp,24,1
0.62037,i01_24_2.bmp,24,1
0.567567778,i01_24_3.bmp,24,1
0.342342222,i01_24_4.bmp,24,1
0.051051111,i01_24_5.bmp,24,1
0.638095556,I02_01_1.bmp,1,2
0.593651111,i02_01_2.bmp,1,2
0.580246667,i02_01_3.bmp,1,2
0.466048889,i02_01_4.bmp,1,2
0.441441111,i02_01_5.bmp,1,2
0.67284,i02_02_1.bmp,2,2
0.672672222,i02_02_2.bmp,2,2
0.654321111,i02_02_3.bmp,2,2
0.588588889,i02_02_4.bmp,2,2
0.487654444,i02_02_5.bmp,2,2
0.533333333,i02_03_1.bmp,3,2
0.492492222,i02_03_2.bmp,3,2
0.426426667,i02_03_3.bmp,3,2
0.391975556,i02_03_4.bmp,3,2
0.324324444,i02_03_5.bmp,3,2
0.698412222,i02_04_1.bmp,4,2
0.684684444,i02_04_2.bmp,4,2
0.57716,i02_04_3.bmp,4,2
0.526984444,i02_04_4.bmp,4,2
0.47619,i02_04_5.bmp,4,2
0.679738889,i02_05_1.bmp,5,2
0.679012222,i02_05_2.bmp,5,2
0.603603333,i02_05_3.bmp,5,2
0.486486667,i02_05_4.bmp,5,2
0.37963,i02_05_5.bmp,5,2
0.506173333,i02_06_1.bmp,6,2
0.475308889,i02_06_2.bmp,6,2
0.414414444,i02_06_3.bmp,6,2
0.387301111,i02_06_4.bmp,6,2
0.345345556,i02_06_5.bmp,6,2
0.657143333,i02_07_1.bmp,7,2
0.62037,i02_07_2.bmp,7,2
0.418301111,i02_07_3.bmp,7,2
0.417417778,i02_07_4.bmp,7,2
0.31746,i02_07_5.bmp,7,2
0.678678889,i02_08_1.bmp,8,2
0.574074444,i02_08_2.bmp,8,2
0.504762222,i02_08_3.bmp,8,2
0.426426667,i02_08_4.bmp,8,2
0.336336667,i02_08_5.bmp,8,2
0.666666667,i02_09_1.bmp,9,2
0.612698889,i02_09_2.bmp,9,2
0.503086667,i02_09_3.bmp,9,2
0.405405556,i02_09_4.bmp,9,2
0.268518889,i02_09_5.bmp,9,2
0.666666667,i02_10_1.bmp,10,2
0.66358,i02_10_2.bmp,10,2
0.603603333,i02_10_3.bmp,10,2
0.388888889,i02_10_4.bmp,10,2
0.301587778,i02_10_5.bmp,10,2
0.657407778,I02_11_1.BMP,11,2
0.533951111,i02_11_2.bmp,11,2
0.33033,i02_11_3.bmp,11,2
0.213213333,i02_11_4.bmp,11,2
0.141975556,i02_11_5.bmp,11,2
0.589506667,i02_12_1.bmp,12,2
0.492492222,i02_12_2.bmp,12,2
0.342342222,i02_12_3.bmp,12,2
0.297297778,i02_12_4.bmp,12,2
0.263492222,i02_12_5.bmp,12,2
0.496913333,I02_13_1.BMP,13,2
0.444444444,i02_13_2.bmp,13,2
0.376543333,i02_13_3.bmp,13,2
0.321321111,i02_13_4.bmp,13,2
0.401234444,i02_13_5.bmp,13,2
0.638888889,i02_14_1.bmp,14,2
0.675675556,i02_14_2.bmp,14,2
0.568254444,i02_14_3.bmp,14,2
0.590476667,i02_14_4.bmp,14,2
0.468468889,i02_14_5.bmp,14,2
0.377777778,i02_15_1.bmp,15,2
0.402402222,i02_15_2.bmp,15,2
0.425925556,i02_15_3.bmp,15,2
0.426426667,i02_15_4.bmp,15,2
0.466666667,i02_15_5.bmp,15,2
0.660661111,i02_16_1.bmp,16,2
0.675925556,i02_16_2.bmp,16,2
0.591591111,i02_16_3.bmp,16,2
0.570987778,i02_16_4.bmp,16,2
0.507507778,i02_16_5.bmp,16,2
0.657407778,i02_17_1.bmp,17,2
0.631745556,i02_17_2.bmp,17,2
0.537537778,i02_17_3.bmp,17,2
0.530158889,i02_17_4.bmp,17,2
0.435185556,i02_17_5.bmp,17,2
0.66358,i02_18_1.bmp,18,2
0.621621111,i02_18_2.bmp,18,2
0.536507778,i02_18_3.bmp,18,2
0.546546667,i02_18_4.bmp,18,2
0.504762222,i02_18_5.bmp,18,2
0.641975556,i02_19_1.bmp,19,2
0.603603333,i02_19_2.bmp,19,2
0.537036667,i02_19_3.bmp,19,2
0.469135556,i02_19_4.bmp,19,2
0.417417778,i02_19_5.bmp,19,2
0.672672222,i02_20_1.bmp,20,2
0.685714444,i02_20_2.bmp,20,2
0.589506667,i02_20_3.bmp,20,2
0.444444444,i02_20_4.bmp,20,2
0.311728889,i02_20_5.bmp,20,2
0.663663333,i02_21_1.bmp,21,2
0.588588889,i02_21_2.bmp,21,2
0.511111111,i02_21_3.bmp,21,2
0.364197778,i02_21_4.bmp,21,2
0.262345556,i02_21_5.bmp,21,2
0.612612222,i02_22_1.bmp,22,2
0.582582222,i02_22_2.bmp,22,2
0.498412222,i02_22_3.bmp,22,2
0.42284,i02_22_4.bmp,22,2
0.246913333,i02_22_5.bmp,22,2
0.753086667,i02_23_1.bmp,23,2
0.615615556,i02_23_2.bmp,23,2
0.382715556,i02_23_3.bmp,23,2
0.24024,i02_23_4.bmp,23,2
0.09009,i02_23_5.bmp,23,2
0.675675556,i02_24_1.bmp,24,2
0.546296667,i02_24_2.bmp,24,2
0.333333333,i02_24_3.bmp,24,2
0.234567778,i02_24_4.bmp,24,2
0.099098889,i02_24_5.bmp,24,2
0.641025556,I03_01_1.bmp,1,3
0.567251111,i03_01_2.bmp,1,3
0.520467778,i03_01_3.bmp,1,3
0.472222222,i03_01_4.bmp,1,3
0.436111111,i03_01_5.bmp,1,3
0.687134444,i03_02_1.bmp,2,3
0.698005556,i03_02_2.bmp,2,3
0.583333333,i03_02_3.bmp,2,3
0.555555556,i03_02_4.bmp,2,3
0.511111111,i03_02_5.bmp,2,3
0.516666667,i03_03_1.bmp,3,3
0.452991111,i03_03_2.bmp,3,3
0.427777778,i03_03_3.bmp,3,3
0.364672222,i03_03_4.bmp,3,3
0.321637778,i03_03_5.bmp,3,3
0.709402222,i03_04_1.bmp,4,3
0.628654444,i03_04_2.bmp,4,3
0.580555556,i03_04_3.bmp,4,3
0.511111111,i03_04_4.bmp,4,3
0.397222222,i03_04_5.bmp,4,3
0.722222222,i03_05_1.bmp,5,3
0.625731111,i03_05_2.bmp,5,3
0.588888889,i03_05_3.bmp,5,3
0.478632222,i03_05_4.bmp,5,3
0.385964444,i03_05_5.bmp,5,3
0.535087778,i03_06_1.bmp,6,3
0.504273333,i03_06_2.bmp,6,3
0.455555556,i03_06_3.bmp,6,3
0.416666667,i03_06_4.bmp,6,3
0.388888889,i03_06_5.bmp,6,3
0.552706667,i03_07_1.bmp,7,3
0.455555556,i03_07_2.bmp,7,3
0.42735,i03_07_3.bmp,7,3
0.425,i03_07_4.bmp,7,3
0.401708889,i03_07_5.bmp,7,3
0.704678889,i03_08_1.bmp,8,3
0.622222222,i03_08_2.bmp,8,3
0.497075556,i03_08_3.bmp,8,3
0.416666667,i03_08_4.bmp,8,3
0.327777778,i03_08_5.bmp,8,3
0.738888889,i03_09_1.bmp,9,3
0.695156667,i03_09_2.bmp,9,3
0.608333333,i03_09_3.bmp,9,3
0.415954444,i03_09_4.bmp,9,3
0.274853333,i03_09_5.bmp,9,3
0.692982222,i03_10_1.bmp,10,3
0.62963,i03_10_2.bmp,10,3
0.561253333,i03_10_3.bmp,10,3
0.366666667,i03_10_4.bmp,10,3
0.276353333,i03_10_5.bmp,10,3
0.596491111,I03_11_1.BMP,11,3
0.452991111,i03_11_2.bmp,11,3
0.316238889,i03_11_3.bmp,11,3
0.202278889,i03_11_4.bmp,11,3
0.077777778,i03_11_5.bmp,11,3
0.60114,i03_12_1.bmp,12,3
0.453216667,i03_12_2.bmp,12,3
0.31579,i03_12_3.bmp,12,3
0.344444444,i03_12_4.bmp,12,3
0.266666667,i03_12_5.bmp,12,3
0.569801111,I03_13_1.BMP,13,3
0.404558889,i03_13_2.bmp,13,3
0.436111111,i03_13_3.bmp,13,3
0.325,i03_13_4.bmp,13,3
0.269005556,i03_13_5.bmp,13,3
0.564102222,i03_14_1.bmp,14,3
0.666666667,i03_14_2.bmp,14,3
0.538888889,i03_14_3.bmp,14,3
0.495726667,i03_14_4.bmp,14,3
0.388888889,i03_14_5.bmp,14,3
0.413888889,i03_15_1.bmp,15,3
0.45,i03_15_2.bmp,15,3
0.447222222,i03_15_3.bmp,15,3
0.475783333,i03_15_4.bmp,15,3
0.532763333,i03_15_5.bmp,15,3
0.757834444,i03_16_1.bmp,16,3
0.725,i03_16_2.bmp,16,3
0.663888889,i03_16_3.bmp,16,3
0.675,i03_16_4.bmp,16,3
0.558404444,i03_16_5.bmp,16,3
0.698005556,i03_17_1.bmp,17,3
0.75,i03_17_2.bmp,17,3
0.577777778,i03_17_3.bmp,17,3
0.730555556,i03_17_4.bmp,17,3
0.421652222,i03_17_5.bmp,17,3
0.641025556,i03_18_1.bmp,18,3
0.635327778,i03_18_2.bmp,18,3
0.618233333,i03_18_3.bmp,18,3
0.555555556,i03_18_4.bmp,18,3
0.517543333,i03_18_5.bmp,18,3
0.612535556,i03_19_1.bmp,19,3
0.558404444,i03_19_2.bmp,19,3
0.522222222,i03_19_3.bmp,19,3
0.478632222,i03_19_4.bmp,19,3
0.410256667,i03_19_5.bmp,19,3
0.649123333,i03_20_1.bmp,20,3
0.606837778,i03_20_2.bmp,20,3
0.461987778,i03_20_3.bmp,20,3
0.353276667,i03_20_4.bmp,20,3
0.313888889,i03_20_5.bmp,20,3
0.581871111,i03_21_1.bmp,21,3
0.492877778,i03_21_2.bmp,21,3
0.433048889,i03_21_3.bmp,21,3
0.353276667,i03_21_4.bmp,21,3
0.233333333,i03_21_5.bmp,21,3
0.663817778,i03_22_1.bmp,22,3
0.595441111,i03_22_2.bmp,22,3
0.581196667,i03_22_3.bmp,22,3
0.48433,i03_22_4.bmp,22,3
0.435672222,i03_22_5.bmp,22,3
0.746438889,i03_23_1.bmp,23,3
0.649572222,i03_23_2.bmp,23,3
0.433333333,i03_23_3.bmp,23,3
0.295321111,i03_23_4.bmp,23,3
0.219444444,i03_23_5.bmp,23,3
0.638176667,i03_24_1.bmp,24,3
0.467236667,i03_24_2.bmp,24,3
0.313888889,i03_24_3.bmp,24,3
0.201754444,i03_24_4.bmp,24,3
0.046783333,i03_24_5.bmp,24,3
0.640211111,I04_01_1.bmp,1,4
0.608465556,i04_01_2.bmp,1,4
0.547618889,i04_01_3.bmp,1,4
0.474254444,i04_01_4.bmp,1,4
0.444444444,i04_01_5.bmp,1,4
0.697222222,i04_02_1.bmp,2,4
0.683761111,i04_02_2.bmp,2,4
0.631436667,i04_02_3.bmp,2,4
0.589946667,i04_02_4.bmp,2,4
0.504065556,i04_02_5.bmp,2,4
0.531165556,i04_03_1.bmp,3,4
0.468254444,i04_03_2.bmp,3,4
0.433333333,i04_03_3.bmp,3,4
0.380555556,i04_03_4.bmp,3,4
0.335978889,i04_03_5.bmp,3,4
0.680555556,i04_04_1.bmp,4,4
0.696476667,i04_04_2.bmp,4,4
0.683333333,i04_04_3.bmp,4,4
0.608465556,i04_04_4.bmp,4,4
0.534391111,i04_04_5.bmp,4,4
0.701057778,i04_05_1.bmp,5,4
0.655826667,i04_05_2.bmp,5,4
0.591666667,i04_05_3.bmp,5,4
0.497354444,i04_05_4.bmp,5,4
0.411924444,i04_05_5.bmp,5,4
0.558201111,i04_06_1.bmp,6,4
0.506775556,i04_06_2.bmp,6,4
0.473544444,i04_06_3.bmp,6,4
0.466124444,i04_06_4.bmp,6,4
0.383333333,i04_06_5.bmp,6,4
0.521164444,i04_07_1.bmp,7,4
0.452777778,i04_07_2.bmp,7,4
0.391534444,i04_07_3.bmp,7,4
0.349206667,i04_07_4.bmp,7,4
0.328042222,i04_07_5.bmp,7,4
0.701057778,i04_08_1.bmp,8,4
0.658536667,i04_08_2.bmp,8,4
0.597883333,i04_08_3.bmp,8,4
0.486111111,i04_08_4.bmp,8,4
0.407407778,i04_08_5.bmp,8,4
0.708994444,i04_09_1.bmp,9,4
0.644986667,i04_09_2.bmp,9,4
0.560975556,i04_09_3.bmp,9,4
0.420054444,i04_09_4.bmp,9,4
0.277777778,i04_09_5.bmp,9,4
0.674603333,i04_10_1.bmp,10,4
0.663956667,i04_10_2.bmp,10,4
0.563492222,i04_10_3.bmp,10,4
0.362433333,i04_10_4.bmp,10,4
0.243386667,i04_10_5.bmp,10,4
0.588888889,I04_11_1.BMP,11,4
0.444444444,i04_11_2.bmp,11,4
0.322493333,i04_11_3.bmp,11,4
0.222222222,i04_11_4.bmp,11,4
0.097883333,i04_11_5.bmp,11,4
0.672222222,i04_12_1.bmp,12,4
0.515873333,i04_12_2.bmp,12,4
0.436507778,i04_12_3.bmp,12,4
0.322751111,i04_12_4.bmp,12,4
0.295393333,i04_12_5.bmp,12,4
0.518518889,I04_13_1.BMP,13,4
0.42735,i04_13_2.bmp,13,4
0.373015556,i04_13_3.bmp,13,4
0.384823333,i04_13_4.bmp,13,4
0.26455,i04_13_5.bmp,13,4
0.563492222,i04_14_1.bmp,14,4
0.71164,i04_14_2.bmp,14,4
0.666666667,i04_14_3.bmp,14,4
0.489417778,i04_14_4.bmp,14,4
0.401084444,i04_14_5.bmp,14,4
0.375661111,i04_15_1.bmp,15,4
0.378306667,i04_15_2.bmp,15,4
0.388888889,i04_15_3.bmp,15,4
0.417344444,i04_15_4.bmp,15,4
0.450142222,i04_15_5.bmp,15,4
0.698412222,i04_16_1.bmp,16,4
0.738095556,i04_16_2.bmp,16,4
0.677248889,i04_16_3.bmp,16,4
0.62963,i04_16_4.bmp,16,4
0.57265,i04_16_5.bmp,16,4
0.666666667,i04_17_1.bmp,17,4
0.740741111,i04_17_2.bmp,17,4
0.531165556,i04_17_3.bmp,17,4
0.801587778,i04_17_4.bmp,17,4
0.436111111,i04_17_5.bmp,17,4
0.601625556,i04_18_1.bmp,18,4
0.558265556,i04_18_2.bmp,18,4
0.518518889,i04_18_3.bmp,18,4
0.4709,i04_18_4.bmp,18,4
0.436314444,i04_18_5.bmp,18,4
0.60582,i04_19_1.bmp,19,4
0.595237778,i04_19_2.bmp,19,4
0.544715556,i04_19_3.bmp,19,4
0.491666667,i04_19_4.bmp,19,4
0.462963333,i04_19_5.bmp,19,4
0.716931111,i04_20_1.bmp,20,4
0.580555556,i04_20_2.bmp,20,4
0.465608889,i04_20_3.bmp,20,4
0.346561111,i04_20_4.bmp,20,4
0.268292222,i04_20_5.bmp,20,4
0.571815556,i04_21_1.bmp,21,4
0.525745556,i04_21_2.bmp,21,4
0.42328,i04_21_3.bmp,21,4
0.357723333,i04_21_4.bmp,21,4
0.222222222,i04_21_5.bmp,21,4
0.669376667,i04_22_1.bmp,22,4
0.642856667,i04_22_2.bmp,22,4
0.492063333,i04_22_3.bmp,22,4
0.457994444,i04_22_4.bmp,22,4
0.322751111,i04_22_5.bmp,22,4
0.713888889,i04_23_1.bmp,23,4
0.600528889,i04_23_2.bmp,23,4
0.430894444,i04_23_3.bmp,23,4
0.327913333,i04_23_4.bmp,23,4
0.164021111,i04_23_5.bmp,23,4
0.616402222,i04_24_1.bmp,24,4
0.417988889,i04_24_2.bmp,24,4
0.287263333,i04_24_3.bmp,24,4
0.21164,i04_24_4.bmp,24,4
0.065041111,i04_24_5.bmp,24,4
0.613888889,I05_01_1.bmp,1,5
0.611111111,i05_01_2.bmp,1,5
0.538461111,i05_01_3.bmp,1,5
0.450142222,i05_01_4.bmp,1,5
0.395664444,i05_01_5.bmp,1,5
0.647696667,i05_02_1.bmp,2,5
0.631436667,i05_02_2.bmp,2,5
0.591666667,i05_02_3.bmp,2,5
0.566395556,i05_02_4.bmp,2,5
0.472934444,i05_02_5.bmp,2,5
0.566395556,i05_03_1.bmp,3,5
0.498644444,i05_03_2.bmp,3,5
0.408333333,i05_03_3.bmp,3,5
0.341463333,i05_03_4.bmp,3,5
0.263888889,i05_03_5.bmp,3,5
0.626016667,i05_04_1.bmp,4,5
0.638888889,i05_04_2.bmp,4,5
0.619444444,i05_04_3.bmp,4,5
0.547425556,i05_04_4.bmp,4,5
0.488888889,i05_04_5.bmp,4,5
0.625,i05_05_1.bmp,5,5
0.598915556,i05_05_2.bmp,5,5
0.522222222,i05_05_3.bmp,5,5
0.423976667,i05_05_4.bmp,5,5
0.324786667,i05_05_5.bmp,5,5
0.486111111,i05_06_1.bmp,6,5
0.435897778,i05_06_2.bmp,6,5
0.388888889,i05_06_3.bmp,6,5
0.368563333,i05_06_4.bmp,6,5
0.279202222,i05_06_5.bmp,6,5
0.586111111,i05_07_1.bmp,7,5
0.585365556,i05_07_2.bmp,7,5
0.504273333,i05_07_3.bmp,7,5
0.450142222,i05_07_4.bmp,7,5
0.349593333,i05_07_5.bmp,7,5
0.6,i05_08_1.bmp,8,5
0.518518889,i05_08_2.bmp,8,5
0.406504444,i05_08_3.bmp,8,5
0.308943333,i05_08_4.bmp,8,5
0.138888889,i05_08_5.bmp,8,5
0.647222222,i05_09_1.bmp,9,5
0.647222222,i05_09_2.bmp,9,5
0.591666667,i05_09_3.bmp,9,5
0.388888889,i05_09_4.bmp,9,5
0.151761111,i05_09_5.bmp,9,5
0.636856667,i05_10_1.bmp,10,5
0.57265,i05_10_2.bmp,10,5
0.523035556,i05_10_3.bmp,10,5
0.382113333,i05_10_4.bmp,10,5
0.208672222,i05_10_5.bmp,10,5
0.639566667,I05_11_1.BMP,11,5
0.6,i05_11_2.bmp,11,5
0.5,i05_11_3.bmp,11,5
0.407407778,i05_11_4.bmp,11,5
0.25,i05_11_5.bmp,11,5
0.631436667,i05_12_1.bmp,12,5
0.641666667,i05_12_2.bmp,12,5
0.594444444,i05_12_3.bmp,12,5
0.422222222,i05_12_4.bmp,12,5
0.302777778,i05_12_5.bmp,12,5
0.607045556,I05_13_1.BMP,13,5
0.544715556,i05_13_2.bmp,13,5
0.386111111,i05_13_3.bmp,13,5
0.330623333,i05_13_4.bmp,13,5
0.219297778,i05_13_5.bmp,13,5
0.658536667,i05_14_1.bmp,14,5
0.615176667,i05_14_2.bmp,14,5
0.623306667,i05_14_3.bmp,14,5
0.580555556,i05_14_4.bmp,14,5
0.479674444,i05_14_5.bmp,14,5
0.338888889,i05_15_1.bmp,15,5
0.344444444,i05_15_2.bmp,15,5
0.368563333,i05_15_3.bmp,15,5
0.433333333,i05_15_4.bmp,15,5
0.42735,i05_15_5.bmp,15,5
0.683333333,i05_16_1.bmp,16,5
0.661111111,i05_16_2.bmp,16,5
0.620596667,i05_16_3.bmp,16,5
0.566395556,i05_16_4.bmp,16,5
0.472222222,i05_16_5.bmp,16,5
0.588888889,i05_17_1.bmp,17,5
0.758807778,i05_17_2.bmp,17,5
0.447222222,i05_17_3.bmp,17,5
0.728997778,i05_17_4.bmp,17,5
0.311111111,i05_17_5.bmp,17,5
0.530555556,i05_18_1.bmp,18,5
0.467236667,i05_18_2.bmp,18,5
0.415954444,i05_18_3.bmp,18,5
0.393162222,i05_18_4.bmp,18,5
0.35,i05_18_5.bmp,18,5
0.575,i05_19_1.bmp,19,5
0.533875556,i05_19_2.bmp,19,5
0.469444444,i05_19_3.bmp,19,5
0.405555556,i05_19_4.bmp,19,5
0.373983333,i05_19_5.bmp,19,5
0.631436667,i05_20_1.bmp,20,5
0.617886667,i05_20_2.bmp,20,5
0.558265556,i05_20_3.bmp,20,5
0.497222222,i05_20_4.bmp,20,5
0.364672222,i05_20_5.bmp,20,5
0.622222222,i05_21_1.bmp,21,5
0.547222222,i05_21_2.bmp,21,5
0.485094444,i05_21_3.bmp,21,5
0.372222222,i05_21_4.bmp,21,5
0.275,i05_21_5.bmp,21,5
0.586111111,i05_22_1.bmp,22,5
0.583333333,i05_22_2.bmp,22,5
0.528455556,i05_22_3.bmp,22,5
0.455555556,i05_22_4.bmp,22,5
0.352303333,i05_22_5.bmp,22,5
0.636856667,i05_23_1.bmp,23,5
0.619444444,i05_23_2.bmp,23,5
0.626016667,i05_23_3.bmp,23,5
0.639566667,i05_23_4.bmp,23,5
0.604335556,i05_23_5.bmp,23,5
0.613888889,i05_24_1.bmp,24,5
0.623306667,i05_24_2.bmp,24,5
0.577777778,i05_24_3.bmp,24,5
0.439024444,i05_24_4.bmp,24,5
0.289973333,i05_24_5.bmp,24,5
0.63964,I06_01_1.bmp,1,6
0.574074444,i06_01_2.bmp,1,6
0.558558889,i06_01_3.bmp,1,6
0.479365556,i06_01_4.bmp,1,6
0.401234444,i06_01_5.bmp,1,6
0.684684444,i06_02_1.bmp,2,6
0.642642222,i06_02_2.bmp,2,6
0.606606667,i06_02_3.bmp,2,6
0.537036667,i06_02_4.bmp,2,6
0.487654444,i06_02_5.bmp,2,6
0.509258889,i06_03_1.bmp,3,6
0.450793333,i06_03_2.bmp,3,6
0.385802222,i06_03_3.bmp,3,6
0.327327778,i06_03_4.bmp,3,6
0.277777778,i06_03_5.bmp,3,6
0.648147778,i06_04_1.bmp,4,6
0.651234444,i06_04_2.bmp,4,6
0.632715556,i06_04_3.bmp,4,6
0.564564444,i06_04_4.bmp,4,6
0.509258889,i06_04_5.bmp,4,6
0.657657778,i06_05_1.bmp,5,6
0.634921111,i06_05_2.bmp,5,6
0.552552222,i06_05_3.bmp,5,6
0.447618889,i06_05_4.bmp,5,6
0.327327778,i06_05_5.bmp,5,6
0.512345556,i06_06_1.bmp,6,6
0.487654444,i06_06_2.bmp,6,6
0.419753333,i06_06_3.bmp,6,6
0.391975556,i06_06_4.bmp,6,6
0.339338889,i06_06_5.bmp,6,6
0.591591111,i06_07_1.bmp,7,6
0.568254444,i06_07_2.bmp,7,6
0.48949,i06_07_3.bmp,7,6
0.349206667,i06_07_4.bmp,7,6
0.298412222,i06_07_5.bmp,7,6
0.576576667,i06_08_1.bmp,8,6
0.509258889,i06_08_2.bmp,8,6
0.387301111,i06_08_3.bmp,8,6
0.3003,i06_08_4.bmp,8,6
0.228227778,i06_08_5.bmp,8,6
0.672672222,i06_09_1.bmp,9,6
0.651651111,i06_09_2.bmp,9,6
0.54054,i06_09_3.bmp,9,6
0.333333333,i06_09_4.bmp,9,6
0.184126667,i06_09_5.bmp,9,6
0.648648889,i06_10_1.bmp,10,6
0.625396667,i06_10_2.bmp,10,6
0.603174444,i06_10_3.bmp,10,6
0.351351111,i06_10_4.bmp,10,6
0.197531111,i06_10_5.bmp,10,6
0.615615556,I06_11_1.BMP,11,6
0.57716,i06_11_2.bmp,11,6
0.5,i06_11_3.bmp,11,6
0.342342222,i06_11_4.bmp,11,6
0.084084444,i06_11_5.bmp,11,6
0.651234444,i06_12_1.bmp,12,6
0.527777778,i06_12_2.bmp,12,6
0.483483333,i06_12_3.bmp,12,6
0.403174444,i06_12_4.bmp,12,6
0.426426667,i06_12_5.bmp,12,6
0.51952,I06_13_1.BMP,13,6
0.536507778,i06_13_2.bmp,13,6
0.463492222,i06_13_3.bmp,13,6
0.354937778,i06_13_4.bmp,13,6
0.3003,i06_13_5.bmp,13,6
0.666666667,i06_14_1.bmp,14,6
0.666666667,i06_14_2.bmp,14,6
0.530158889,i06_14_3.bmp,14,6
0.481481111,i06_14_4.bmp,14,6
0.478395556,i06_14_5.bmp,14,6
0.402402222,i06_15_1.bmp,15,6
0.369368889,i06_15_2.bmp,15,6
0.416666667,i06_15_3.bmp,15,6
0.48949,i06_15_4.bmp,15,6
0.537036667,i06_15_5.bmp,15,6
0.618618889,i06_16_1.bmp,16,6
0.694444444,i06_16_2.bmp,16,6
0.564814444,i06_16_3.bmp,16,6
0.648648889,i06_16_4.bmp,16,6
0.459876667,i06_16_5.bmp,16,6
0.617284444,i06_17_1.bmp,17,6
0.675675556,i06_17_2.bmp,17,6
0.450617778,i06_17_3.bmp,17,6
0.648648889,i06_17_4.bmp,17,6
0.375375556,i06_17_5.bmp,17,6
0.577777778,i06_18_1.bmp,18,6
0.484567778,i06_18_2.bmp,18,6
0.432098889,i06_18_3.bmp,18,6
0.414414444,i06_18_4.bmp,18,6
0.42042,i06_18_5.bmp,18,6
0.592592222,i06_19_1.bmp,19,6
0.585585556,i06_19_2.bmp,19,6
0.54955,i06_19_3.bmp,19,6
0.466048889,i06_19_4.bmp,19,6
0.399398889,i06_19_5.bmp,19,6
0.623456667,i06_20_1.bmp,20,6
0.58642,i06_20_2.bmp,20,6
0.621621111,i06_20_3.bmp,20,6
0.54955,i06_20_4.bmp,20,6
0.441441111,i06_20_5.bmp,20,6
0.633633333,i06_21_1.bmp,21,6
0.567901111,i06_21_2.bmp,21,6
0.52381,i06_21_3.bmp,21,6
0.404321111,i06_21_4.bmp,21,6
0.311728889,i06_21_5.bmp,21,6
0.626543333,i06_22_1.bmp,22,6
0.58642,i06_22_2.bmp,22,6
0.462462222,i06_22_3.bmp,22,6
0.396396667,i06_22_4.bmp,22,6
0.33033,i06_22_5.bmp,22,6
0.657143333,i06_23_1.bmp,23,6
0.645062222,i06_23_2.bmp,23,6
0.630631111,i06_23_3.bmp,23,6
0.591591111,i06_23_4.bmp,23,6
0.260317778,i06_23_5.bmp,23,6
0.648648889,i06_24_1.bmp,24,6
0.644444444,i06_24_2.bmp,24,6
0.534534444,i06_24_3.bmp,24,6
0.357357778,i06_24_4.bmp,24,6
0.098765556,i06_24_5.bmp,24,6
0.631313333,I07_01_1.bmp,1,7
0.565656667,i07_01_2.bmp,1,7
0.533333333,i07_01_3.bmp,1,7
0.49495,i07_01_4.bmp,1,7
0.441798889,i07_01_5.bmp,1,7
0.671604444,i07_02_1.bmp,2,7
0.651515556,i07_02_2.bmp,2,7
0.617571111,i07_02_3.bmp,2,7
0.581395556,i07_02_4.bmp,2,7
0.528395556,i07_02_5.bmp,2,7
0.548147778,i07_03_1.bmp,3,7
0.469696667,i07_03_2.bmp,3,7
0.414814444,i07_03_3.bmp,3,7
0.367901111,i07_03_4.bmp,3,7
0.303703333,i07_03_5.bmp,3,7
0.651852222,i07_04_1.bmp,4,7
0.666666667,i07_04_2.bmp,4,7
0.602468889,i07_04_3.bmp,4,7
0.550135556,i07_04_4.bmp,4,7
0.4677,i07_04_5.bmp,4,7
0.671604444,i07_05_1.bmp,5,7
0.644444444,i07_05_2.bmp,5,7
0.573232222,i07_05_3.bmp,5,7
0.475452222,i07_05_4.bmp,5,7
0.368686667,i07_05_5.bmp,5,7
0.537036667,i07_06_1.bmp,6,7
0.512626667,i07_06_2.bmp,6,7
0.462121111,i07_06_3.bmp,6,7
0.416666667,i07_06_4.bmp,6,7
0.368686667,i07_06_5.bmp,6,7
0.620155556,i07_07_1.bmp,7,7
0.57672,i07_07_2.bmp,7,7
0.479797778,i07_07_3.bmp,7,7
0.402468889,i07_07_4.bmp,7,7
0.315245556,i07_07_5.bmp,7,7
0.651515556,i07_08_1.bmp,8,7
0.614814444,i07_08_2.bmp,8,7
0.509044444,i07_08_3.bmp,8,7
0.380246667,i07_08_4.bmp,8,7
0.292928889,i07_08_5.bmp,8,7
0.71358,i07_09_1.bmp,9,7
0.669135556,i07_09_2.bmp,9,7
0.580807778,i07_09_3.bmp,9,7
0.44186,i07_09_4.bmp,9,7
0.274074444,i07_09_5.bmp,9,7
0.681481111,i07_10_1.bmp,10,7
0.65404,i07_10_2.bmp,10,7
0.560605556,i07_10_3.bmp,10,7
0.411616667,i07_10_4.bmp,10,7
0.247474444,i07_10_5.bmp,10,7
0.609818889,I07_11_1.BMP,11,7
0.501234444,i07_11_2.bmp,11,7
0.381313333,i07_11_3.bmp,11,7
0.269135556,i07_11_4.bmp,11,7
0.108585556,i07_11_5.bmp,11,7
0.593434444,i07_12_1.bmp,12,7
0.525252222,i07_12_2.bmp,12,7
0.392592222,i07_12_3.bmp,12,7
0.318182222,i07_12_4.bmp,12,7
0.279012222,i07_12_5.bmp,12,7
0.509044444,I07_13_1.BMP,13,7
0.45202,i07_13_2.bmp,13,7
0.374676667,i07_13_3.bmp,13,7
0.30303,i07_13_4.bmp,13,7
0.279012222,i07_13_5.bmp,13,7
0.643938889,i07_14_1.bmp,14,7
0.684343333,i07_14_2.bmp,14,7
0.633838889,i07_14_3.bmp,14,7
0.580246667,i07_14_4.bmp,14,7
0.467172222,i07_14_5.bmp,14,7
0.40404,i07_15_1.bmp,15,7
0.365432222,i07_15_2.bmp,15,7
0.338383333,i07_15_3.bmp,15,7
0.371212222,i07_15_4.bmp,15,7
0.405684444,i07_15_5.bmp,15,7
0.689394444,i07_16_1.bmp,16,7
0.705426667,i07_16_2.bmp,16,7
0.659258889,i07_16_3.bmp,16,7
0.595062222,i07_16_4.bmp,16,7
0.535353333,i07_16_5.bmp,16,7
0.616161111,i07_17_1.bmp,17,7
0.711111111,i07_17_2.bmp,17,7
0.489417778,i07_17_3.bmp,17,7
0.747474444,i07_17_4.bmp,17,7
0.371212222,i07_17_5.bmp,17,7
0.598484444,i07_18_1.bmp,18,7
0.550505556,i07_18_2.bmp,18,7
0.48642,i07_18_3.bmp,18,7
0.429293333,i07_18_4.bmp,18,7
0.40404,i07_18_5.bmp,18,7
0.651852222,i07_19_1.bmp,19,7
0.604937778,i07_19_2.bmp,19,7
0.533333333,i07_19_3.bmp,19,7
0.457071111,i07_19_4.bmp,19,7
0.411616667,i07_19_5.bmp,19,7
0.638888889,i07_20_1.bmp,20,7
0.602468889,i07_20_2.bmp,20,7
0.490955556,i07_20_3.bmp,20,7
0.402468889,i07_20_4.bmp,20,7
0.325581111,i07_20_5.bmp,20,7
0.62963,i07_21_1.bmp,21,7
0.550505556,i07_21_2.bmp,21,7
0.45679,i07_21_3.bmp,21,7
0.376262222,i07_21_4.bmp,21,7
0.258397778,i07_21_5.bmp,21,7
0.659258889,i07_22_1.bmp,22,7
0.581395556,i07_22_2.bmp,22,7
0.516795556,i07_22_3.bmp,22,7
0.460317778,i07_22_4.bmp,22,7
0.295454444,i07_22_5.bmp,22,7
0.669135556,i07_23_1.bmp,23,7
0.637036667,i07_23_2.bmp,23,7
0.560493333,i07_23_3.bmp,23,7
0.4677,i07_23_4.bmp,23,7
0.293826667,i07_23_5.bmp,23,7
0.635658889,i07_24_1.bmp,24,7
0.548147778,i07_24_2.bmp,24,7
0.429293333,i07_24_3.bmp,24,7
0.25,i07_24_4.bmp,24,7
0.05291,i07_24_5.bmp,24,7
0.616487778,I08_01_1.bmp,1,8
0.523297778,i08_01_2.bmp,1,8
0.537634444,i08_01_3.bmp,1,8
0.455555556,i08_01_4.bmp,1,8
0.394265556,i08_01_5.bmp,1,8
0.621527778,i08_02_1.bmp,2,8
0.616487778,i08_02_2.bmp,2,8
0.600694444,i08_02_3.bmp,2,8
0.580645556,i08_02_4.bmp,2,8
0.516128889,i08_02_5.bmp,2,8
0.516128889,i08_03_1.bmp,3,8
0.476702222,i08_03_2.bmp,3,8
0.385185556,i08_03_3.bmp,3,8
0.329861111,i08_03_4.bmp,3,8
0.260416667,i08_03_5.bmp,3,8
0.673835556,i08_04_1.bmp,4,8
0.648745556,i08_04_2.bmp,4,8
0.625,i08_04_3.bmp,4,8
0.604166667,i08_04_4.bmp,4,8
0.551971111,i08_04_5.bmp,4,8
0.592592222,i08_05_1.bmp,5,8
0.605734444,i08_05_2.bmp,5,8
0.524305556,i08_05_3.bmp,5,8
0.44086,i08_05_4.bmp,5,8
0.347222222,i08_05_5.bmp,5,8
0.487455556,i08_06_1.bmp,6,8
0.454861111,i08_06_2.bmp,6,8
0.437036667,i08_06_3.bmp,6,8
0.401433333,i08_06_4.bmp,6,8
0.340502222,i08_06_5.bmp,6,8
0.611111111,i08_07_1.bmp,7,8
0.516128889,i08_07_2.bmp,7,8
0.462963333,i08_07_3.bmp,7,8
0.383512222,i08_07_4.bmp,7,8
0.265233333,i08_07_5.bmp,7,8
0.579861111,i08_08_1.bmp,8,8
0.510416667,i08_08_2.bmp,8,8
0.433692222,i08_08_3.bmp,8,8
0.318996667,i08_08_4.bmp,8,8
0.218637778,i08_08_5.bmp,8,8
0.634408889,i08_09_1.bmp,9,8
0.652777778,i08_09_2.bmp,9,8
0.559027778,i08_09_3.bmp,9,8
0.388888889,i08_09_4.bmp,9,8
0.194444444,i08_09_5.bmp,9,8
0.663082222,i08_10_1.bmp,10,8
0.621527778,i08_10_2.bmp,10,8
0.520833333,i08_10_3.bmp,10,8
0.357638889,i08_10_4.bmp,10,8
0.149305556,i08_10_5.bmp,10,8
0.666666667,I08_11_1.BMP,11,8
0.583333333,i08_11_2.bmp,11,8
0.507407778,i08_11_3.bmp,11,8
0.46595,i08_11_4.bmp,11,8
0.251852222,i08_11_5.bmp,11,8
0.688172222,i08_12_1.bmp,12,8
0.637993333,i08_12_2.bmp,12,8
0.611111111,i08_12_3.bmp,12,8
0.534722222,i08_12_4.bmp,12,8
0.472222222,i08_12_5.bmp,12,8
0.642361111,I08_13_1.BMP,13,8
0.362963333,i08_13_2.bmp,13,8
0.487455556,i08_13_3.bmp,13,8
0.303703333,i08_13_4.bmp,13,8
0.236111111,i08_13_5.bmp,13,8
0.628472222,i08_14_1.bmp,14,8
0.604166667,i08_14_2.bmp,14,8
0.541218889,i08_14_3.bmp,14,8
0.527777778,i08_14_4.bmp,14,8
0.444444444,i08_14_5.bmp,14,8
0.419354444,i08_15_1.bmp,15,8
0.326164444,i08_15_2.bmp,15,8
0.364583333,i08_15_3.bmp,15,8
0.409722222,i08_15_4.bmp,15,8
0.390681111,i08_15_5.bmp,15,8
0.673611111,i08_16_1.bmp,16,8
0.638888889,i08_16_2.bmp,16,8
0.65233,i08_16_3.bmp,16,8
0.544803333,i08_16_4.bmp,16,8
0.507407778,i08_16_5.bmp,16,8
0.600694444,i08_17_1.bmp,17,8
0.620072222,i08_17_2.bmp,17,8
0.465277778,i08_17_3.bmp,17,8
0.562724444,i08_17_4.bmp,17,8
0.362006667,i08_17_5.bmp,17,8
0.472222222,i08_18_1.bmp,18,8
0.415771111,i08_18_2.bmp,18,8
0.326388889,i08_18_3.bmp,18,8
0.315972222,i08_18_4.bmp,18,8
0.318996667,i08_18_5.bmp,18,8
0.598566667,i08_19_1.bmp,19,8
0.548386667,i08_19_2.bmp,19,8
0.520833333,i08_19_3.bmp,19,8
0.448028889,i08_19_4.bmp,19,8
0.399305556,i08_19_5.bmp,19,8
0.65233,i08_20_1.bmp,20,8
0.663082222,i08_20_2.bmp,20,8
0.585185556,i08_20_3.bmp,20,8
0.513888889,i08_20_4.bmp,20,8
0.423611111,i08_20_5.bmp,20,8
0.631944444,i08_21_1.bmp,21,8
0.548386667,i08_21_2.bmp,21,8
0.476702222,i08_21_3.bmp,21,8
0.422938889,i08_21_4.bmp,21,8
0.297491111,i08_21_5.bmp,21,8
0.623655556,i08_22_1.bmp,22,8
0.605734444,i08_22_2.bmp,22,8
0.462365556,i08_22_3.bmp,22,8
0.340277778,i08_22_4.bmp,22,8
0.263888889,i08_22_5.bmp,22,8
0.670251111,i08_23_1.bmp,23,8
0.684587778,i08_23_2.bmp,23,8
0.630824444,i08_23_3.bmp,23,8
0.611111111,i08_23_4.bmp,23,8
0.604166667,i08_23_5.bmp,23,8
0.659497778,i08_24_1.bmp,24,8
0.642361111,i08_24_2.bmp,24,8
0.587813333,i08_24_3.bmp,24,8
0.44086,i08_24_4.bmp,24,8
0.291666667,i08_24_5.bmp,24,8
0.59596,I09_01_1.bmp,1,9
0.555555556,i09_01_2.bmp,1,9
0.50505,i09_01_3.bmp,1,9
0.448028889,i09_01_4.bmp,1,9
0.40404,i09_01_5.bmp,1,9
0.653198889,i09_02_1.bmp,2,9
0.670033333,i09_02_2.bmp,2,9
0.618055556,i09_02_3.bmp,2,9
0.541666667,i09_02_4.bmp,2,9
0.50505,i09_02_5.bmp,2,9
0.511784444,i09_03_1.bmp,3,9
0.454861111,i09_03_2.bmp,3,9
0.410774444,i09_03_3.bmp,3,9
0.361111111,i09_03_4.bmp,3,9
0.319865556,i09_03_5.bmp,3,9
0.637993333,i09_04_1.bmp,4,9
0.621527778,i09_04_2.bmp,4,9
0.598566667,i09_04_3.bmp,4,9
0.519713333,i09_04_4.bmp,4,9
0.474747778,i09_04_5.bmp,4,9
0.659497778,i09_05_1.bmp,5,9
0.611111111,i09_05_2.bmp,5,9
0.552083333,i09_05_3.bmp,5,9
0.454545556,i09_05_4.bmp,5,9
0.399305556,i09_05_5.bmp,5,9
0.579861111,i09_06_1.bmp,6,9
0.479166667,i09_06_2.bmp,6,9
0.462365556,i09_06_3.bmp,6,9
0.423611111,i09_06_4.bmp,6,9
0.371527778,i09_06_5.bmp,6,9
0.542087778,i09_07_1.bmp,7,9
0.527777778,i09_07_2.bmp,7,9
0.458781111,i09_07_3.bmp,7,9
0.407407778,i09_07_4.bmp,7,9
0.301075556,i09_07_5.bmp,7,9
0.652777778,i09_08_1.bmp,8,9
0.582491111,i09_08_2.bmp,8,9
0.482638889,i09_08_3.bmp,8,9
0.387205556,i09_08_4.bmp,8,9
0.263888889,i09_08_5.bmp,8,9
0.727272222,i09_09_1.bmp,9,9
0.676767778,i09_09_2.bmp,9,9
0.572391111,i09_09_3.bmp,9,9
0.434027778,i09_09_4.bmp,9,9
0.279461111,i09_09_5.bmp,9,9
0.666666667,i09_10_1.bmp,10,9
0.628472222,i09_10_2.bmp,10,9
0.545138889,i09_10_3.bmp,10,9
0.354838889,i09_10_4.bmp,10,9
0.260416667,i09_10_5.bmp,10,9
0.65625,I09_11_1.BMP,11,9
0.572916667,i09_11_2.bmp,11,9
0.440972222,i09_11_3.bmp,11,9
0.267361111,i09_11_4.bmp,11,9
0.097643333,i09_11_5.bmp,11,9
0.673401111,i09_12_1.bmp,12,9
0.65625,i09_12_2.bmp,12,9
0.545138889,i09_12_3.bmp,12,9
0.329861111,i09_12_4.bmp,12,9
0.315972222,i09_12_5.bmp,12,9
0.501683333,I09_13_1.BMP,13,9
0.419354444,i09_13_2.bmp,13,9
0.37037,i09_13_3.bmp,13,9
0.313131111,i09_13_4.bmp,13,9
0.319865556,i09_13_5.bmp,13,9
0.649305556,i09_14_1.bmp,14,9
0.609427778,i09_14_2.bmp,14,9
0.697916667,i09_14_3.bmp,14,9
0.493055556,i09_14_4.bmp,14,9
0.368055556,i09_14_5.bmp,14,9
0.323232222,i09_15_1.bmp,15,9
0.340067778,i09_15_2.bmp,15,9
0.361111111,i09_15_3.bmp,15,9
0.399305556,i09_15_4.bmp,15,9
0.649831111,i09_15_5.bmp,15,9
0.673401111,i09_16_1.bmp,16,9
0.700336667,i09_16_2.bmp,16,9
0.638888889,i09_16_3.bmp,16,9
0.655914444,i09_16_4.bmp,16,9
0.518518889,i09_16_5.bmp,16,9
0.645833333,i09_17_1.bmp,17,9
0.754208889,i09_17_2.bmp,17,9
0.53125,i09_17_3.bmp,17,9
0.707071111,i09_17_4.bmp,17,9
0.400673333,i09_17_5.bmp,17,9
0.535353333,i09_18_1.bmp,18,9
0.478114444,i09_18_2.bmp,18,9
0.451613333,i09_18_3.bmp,18,9
0.368055556,i09_18_4.bmp,18,9
0.350694444,i09_18_5.bmp,18,9
0.611111111,i09_19_1.bmp,19,9
0.519713333,i09_19_2.bmp,19,9
0.501792222,i09_19_3.bmp,19,9
0.451388889,i09_19_4.bmp,19,9
0.387205556,i09_19_5.bmp,19,9
0.645833333,i09_20_1.bmp,20,9
0.62963,i09_20_2.bmp,20,9
0.5,i09_20_3.bmp,20,9
0.434343333,i09_20_4.bmp,20,9
0.323232222,i09_20_5.bmp,20,9
0.585858889,i09_21_1.bmp,21,9
0.534722222,i09_21_2.bmp,21,9
0.472222222,i09_21_3.bmp,21,9
0.388888889,i09_21_4.bmp,21,9
0.240143333,i09_21_5.bmp,21,9
0.635416667,i09_22_1.bmp,22,9
0.643097778,i09_22_2.bmp,22,9
0.611111111,i09_22_3.bmp,22,9
0.454861111,i09_22_4.bmp,22,9
0.302083333,i09_22_5.bmp,22,9
0.694444444,i09_23_1.bmp,23,9
0.697916667,i09_23_2.bmp,23,9
0.670033333,i09_23_3.bmp,23,9
0.534722222,i09_23_4.bmp,23,9
0.319444444,i09_23_5.bmp,23,9
0.638888889,i09_24_1.bmp,24,9
0.565972222,i09_24_2.bmp,24,9
0.416666667,i09_24_3.bmp,24,9
0.225588889,i09_24_4.bmp,24,9
0.026935556,i09_24_5.bmp,24,9
0.635327778,I10_01_1.bmp,1,10
0.603603333,i10_01_2.bmp,1,10
0.527065556,i10_01_3.bmp,1,10
0.504273333,i10_01_4.bmp,1,10
0.423976667,i10_01_5.bmp,1,10
0.672672222,i10_02_1.bmp,2,10
0.648648889,i10_02_2.bmp,2,10
0.641025556,i10_02_3.bmp,2,10
0.614035556,i10_02_4.bmp,2,10
0.525525556,i10_02_5.bmp,2,10
0.561561111,i10_03_1.bmp,3,10
0.484567778,i10_03_2.bmp,3,10
0.447293333,i10_03_3.bmp,3,10
0.367521111,i10_03_4.bmp,3,10
0.324786667,i10_03_5.bmp,3,10
0.675213333,i10_04_1.bmp,4,10
0.567901111,i10_04_2.bmp,4,10
0.573098889,i10_04_3.bmp,4,10
0.529914444,i10_04_4.bmp,4,10
0.470085556,i10_04_5.bmp,4,10
0.672364444,i10_05_1.bmp,5,10
0.643874444,i10_05_2.bmp,5,10
0.575498889,i10_05_3.bmp,5,10
0.488304444,i10_05_4.bmp,5,10
0.371345556,i10_05_5.bmp,5,10
0.573098889,i10_06_1.bmp,6,10
0.516516667,i10_06_2.bmp,6,10
0.508772222,i10_06_3.bmp,6,10
0.426901111,i10_06_4.bmp,6,10
0.378378889,i10_06_5.bmp,6,10
0.615615556,i10_07_1.bmp,7,10
0.558404444,i10_07_2.bmp,7,10
0.495726667,i10_07_3.bmp,7,10
0.444444444,i10_07_4.bmp,7,10
0.339181111,i10_07_5.bmp,7,10
0.663742222,i10_08_1.bmp,8,10
0.589743333,i10_08_2.bmp,8,10
0.483483333,i10_08_3.bmp,8,10
0.388888889,i10_08_4.bmp,8,10
0.309941111,i10_08_5.bmp,8,10
0.663817778,i10_09_1.bmp,9,10
0.632478889,i10_09_2.bmp,9,10
0.575498889,i10_09_3.bmp,9,10
0.423976667,i10_09_4.bmp,9,10
0.253561111,i10_09_5.bmp,9,10
0.652046667,i10_10_1.bmp,10,10
0.646198889,i10_10_2.bmp,10,10
0.578347778,i10_10_3.bmp,10,10
0.404558889,i10_10_4.bmp,10,10
0.270655556,i10_10_5.bmp,10,10
0.57265,I10_11_1.BMP,11,10
0.495726667,i10_11_2.bmp,11,10
0.401708889,i10_11_3.bmp,11,10
0.24269,i10_11_4.bmp,11,10
0.137426667,i10_11_5.bmp,11,10
0.529914444,i10_12_1.bmp,12,10
0.649123333,i10_12_2.bmp,12,10
0.547008889,i10_12_3.bmp,12,10
0.450292222,i10_12_4.bmp,12,10
0.298245556,i10_12_5.bmp,12,10
0.643274444,I10_13_1.BMP,13,10
0.435672222,i10_13_2.bmp,13,10
0.380116667,i10_13_3.bmp,13,10
0.298245556,i10_13_4.bmp,13,10
0.321937778,i10_13_5.bmp,13,10
0.646723333,i10_14_1.bmp,14,10
0.683761111,i10_14_2.bmp,14,10
0.616958889,i10_14_3.bmp,14,10
0.474474444,i10_14_4.bmp,14,10
0.426901111,i10_14_5.bmp,14,10
0.342105556,i10_15_1.bmp,15,10
0.358974444,i10_15_2.bmp,15,10
0.401708889,i10_15_3.bmp,15,10
0.374268889,i10_15_4.bmp,15,10
0.464387778,i10_15_5.bmp,15,10
0.680912222,i10_16_1.bmp,16,10
0.678062222,i10_16_2.bmp,16,10
0.669515556,i10_16_3.bmp,16,10
0.619883333,i10_16_4.bmp,16,10
0.569801111,i10_16_5.bmp,16,10
0.634503333,i10_17_1.bmp,17,10
0.732193333,i10_17_2.bmp,17,10
0.507507778,i10_17_3.bmp,17,10
0.729344444,i10_17_4.bmp,17,10
0.410256667,i10_17_5.bmp,17,10
0.501424444,i10_18_1.bmp,18,10
0.452991111,i10_18_2.bmp,18,10
0.424501111,i10_18_3.bmp,18,10
0.403508889,i10_18_4.bmp,18,10
0.368421111,i10_18_5.bmp,18,10
0.619883333,i10_19_1.bmp,19,10
0.602338889,i10_19_2.bmp,19,10
0.51952,i10_19_3.bmp,19,10
0.468468889,i10_19_4.bmp,19,10
0.430198889,i10_19_5.bmp,19,10
0.649572222,i10_20_1.bmp,20,10
0.598291111,i10_20_2.bmp,20,10
0.492877778,i10_20_3.bmp,20,10
0.397661111,i10_20_4.bmp,20,10
0.318317778,i10_20_5.bmp,20,10
0.611111111,i10_21_1.bmp,21,10
0.575498889,i10_21_2.bmp,21,10
0.472934444,i10_21_3.bmp,21,10
0.418803333,i10_21_4.bmp,21,10
0.279202222,i10_21_5.bmp,21,10
0.663742222,i10_22_1.bmp,22,10
0.54131,i10_22_2.bmp,22,10
0.498498889,i10_22_3.bmp,22,10
0.447531111,i10_22_4.bmp,22,10
0.361823333,i10_22_5.bmp,22,10
0.683761111,i10_23_1.bmp,23,10
0.660968889,i10_23_2.bmp,23,10
0.505847778,i10_23_3.bmp,23,10
0.289473333,i10_23_4.bmp,23,10
0.160818889,i10_23_5.bmp,23,10
0.606837778,i10_24_1.bmp,24,10
0.532163333,i10_24_2.bmp,24,10
0.390313333,i10_24_3.bmp,24,10
0.207206667,i10_24_4.bmp,24,10
0.040935556,i10_24_5.bmp,24,10
0.615615556,I11_01_1.bmp,1,11
0.573573333,i11_01_2.bmp,1,11
0.594594444,i11_01_3.bmp,1,11
0.47619,i11_01_4.bmp,1,11
0.429012222,i11_01_5.bmp,1,11
0.617284444,i11_02_1.bmp,2,11
0.653967778,i11_02_2.bmp,2,11
0.604937778,i11_02_3.bmp,2,11
0.57716,i11_02_4.bmp,2,11
0.527777778,i11_02_5.bmp,2,11
0.555555556,i11_03_1.bmp,3,11
0.492492222,i11_03_2.bmp,3,11
0.425396667,i11_03_3.bmp,3,11
0.363363333,i11_03_4.bmp,3,11
0.324074444,i11_03_5.bmp,3,11
0.607843333,i11_04_1.bmp,4,11
0.624624444,i11_04_2.bmp,4,11
0.587301111,i11_04_3.bmp,4,11
0.57716,i11_04_4.bmp,4,11
0.51952,i11_04_5.bmp,4,11
0.66967,i11_05_1.bmp,5,11
0.645062222,i11_05_2.bmp,5,11
0.588588889,i11_05_3.bmp,5,11
0.466048889,i11_05_4.bmp,5,11
0.339506667,i11_05_5.bmp,5,11
0.521604444,i11_06_1.bmp,6,11
0.487654444,i11_06_2.bmp,6,11
0.441441111,i11_06_3.bmp,6,11
0.393393333,i11_06_4.bmp,6,11
0.336507778,i11_06_5.bmp,6,11
0.618618889,i11_07_1.bmp,7,11
0.533333333,i11_07_2.bmp,7,11
0.503086667,i11_07_3.bmp,7,11
0.437908889,i11_07_4.bmp,7,11
0.306306667,i11_07_5.bmp,7,11
0.549206667,i11_08_1.bmp,8,11
0.507936667,i11_08_2.bmp,8,11
0.417417778,i11_08_3.bmp,8,11
0.31746,i11_08_4.bmp,8,11
0.259258889,i11_08_5.bmp,8,11
0.645645556,i11_09_1.bmp,9,11
0.651651111,i11_09_2.bmp,9,11
0.518518889,i11_09_3.bmp,9,11
0.37037,i11_09_4.bmp,9,11
0.219135556,i11_09_5.bmp,9,11
0.645645556,i11_10_1.bmp,10,11
0.627627778,i11_10_2.bmp,10,11
0.558642222,i11_10_3.bmp,10,11
0.387387778,i11_10_4.bmp,10,11
0.252252222,i11_10_5.bmp,10,11
0.651234444,I11_11_1.BMP,11,11
0.603174444,i11_11_2.bmp,11,11
0.496913333,i11_11_3.bmp,11,11
0.32381,i11_11_4.bmp,11,11
0.108024444,i11_11_5.bmp,11,11
0.623456667,i11_12_1.bmp,12,11
0.66358,i11_12_2.bmp,12,11
0.513513333,i11_12_3.bmp,12,11
0.419753333,i11_12_4.bmp,12,11
0.225308889,i11_12_5.bmp,12,11
0.453703333,I11_13_1.BMP,13,11
0.504504444,i11_13_2.bmp,13,11
0.361111111,i11_13_3.bmp,13,11
0.305555556,i11_13_4.bmp,13,11
0.253086667,i11_13_5.bmp,13,11
0.648147778,i11_14_1.bmp,14,11
0.606348889,i11_14_2.bmp,14,11
0.588588889,i11_14_3.bmp,14,11
0.574074444,i11_14_4.bmp,14,11
0.487654444,i11_14_5.bmp,14,11
0.354354444,i11_15_1.bmp,15,11
0.376543333,i11_15_2.bmp,15,11
0.388888889,i11_15_3.bmp,15,11
0.408408889,i11_15_4.bmp,15,11
0.388888889,i11_15_5.bmp,15,11
0.678678889,i11_16_1.bmp,16,11
0.657657778,i11_16_2.bmp,16,11
0.632715556,i11_16_3.bmp,16,11
0.54955,i11_16_4.bmp,16,11
0.507507778,i11_16_5.bmp,16,11
0.621621111,i11_17_1.bmp,17,11
0.75,i11_17_2.bmp,17,11
0.48254,i11_17_3.bmp,17,11
0.75976,i11_17_4.bmp,17,11
0.357357778,i11_17_5.bmp,17,11
0.506173333,i11_18_1.bmp,18,11
0.474474444,i11_18_2.bmp,18,11
0.398147778,i11_18_3.bmp,18,11
0.382353333,i11_18_4.bmp,18,11
0.39039,i11_18_5.bmp,18,11
0.627627778,i11_19_1.bmp,19,11
0.567901111,i11_19_2.bmp,19,11
0.516516667,i11_19_3.bmp,19,11
0.44127,i11_19_4.bmp,19,11
0.402402222,i11_19_5.bmp,19,11
0.669841111,i11_20_1.bmp,20,11
0.621621111,i11_20_2.bmp,20,11
0.594594444,i11_20_3.bmp,20,11
0.54321,i11_20_4.bmp,20,11
0.404321111,i11_20_5.bmp,20,11
0.633633333,i11_21_1.bmp,21,11
0.601852222,i11_21_2.bmp,21,11
0.48949,i11_21_3.bmp,21,11
0.429012222,i11_21_4.bmp,21,11
0.294294444,i11_21_5.bmp,21,11
0.618618889,i11_22_1.bmp,22,11
0.600601111,i11_22_2.bmp,22,11
0.543543333,i11_22_3.bmp,22,11
0.405405556,i11_22_4.bmp,22,11
0.280864444,i11_22_5.bmp,22,11
0.651651111,i11_23_1.bmp,23,11
0.648648889,i11_23_2.bmp,23,11
0.660661111,i11_23_3.bmp,23,11
0.585585556,i11_23_4.bmp,23,11
0.306306667,i11_23_5.bmp,23,11
0.657657778,i11_24_1.bmp,24,11
0.608024444,i11_24_2.bmp,24,11
0.514285556,i11_24_3.bmp,24,11
0.320634444,i11_24_4.bmp,24,11
0.064814444,i11_24_5.bmp,24,11
0.660661111,I12_01_1.bmp,1,12
0.552468889,i12_01_2.bmp,1,12
0.532163333,i12_01_3.bmp,1,12
0.459876667,i12_01_4.bmp,1,12
0.418128889,i12_01_5.bmp,1,12
0.675675556,i12_02_1.bmp,2,12
0.663663333,i12_02_2.bmp,2,12
0.614035556,i12_02_3.bmp,2,12
0.561403333,i12_02_4.bmp,2,12
0.504504444,i12_02_5.bmp,2,12
0.507507778,i12_03_1.bmp,3,12
0.462462222,i12_03_2.bmp,3,12
0.417417778,i12_03_3.bmp,3,12
0.345028889,i12_03_4.bmp,3,12
0.30117,i12_03_5.bmp,3,12
0.657657778,i12_04_1.bmp,4,12
0.614035556,i12_04_2.bmp,4,12
0.578947778,i12_04_3.bmp,4,12
0.522522222,i12_04_4.bmp,4,12
0.42042,i12_04_5.bmp,4,12
0.627627778,i12_05_1.bmp,5,12
0.645645556,i12_05_2.bmp,5,12
0.578947778,i12_05_3.bmp,5,12
0.483483333,i12_05_4.bmp,5,12
0.406432222,i12_05_5.bmp,5,12
0.564564444,i12_06_1.bmp,6,12
0.535087778,i12_06_2.bmp,6,12
0.495495556,i12_06_3.bmp,6,12
0.453453333,i12_06_4.bmp,6,12
0.416666667,i12_06_5.bmp,6,12
0.521604444,i12_07_1.bmp,7,12
0.488304444,i12_07_2.bmp,7,12
0.464912222,i12_07_3.bmp,7,12
0.354354444,i12_07_4.bmp,7,12
0.33642,i12_07_5.bmp,7,12
0.687134444,i12_08_1.bmp,8,12
0.608186667,i12_08_2.bmp,8,12
0.502924444,i12_08_3.bmp,8,12
0.400584444,i12_08_4.bmp,8,12
0.308642222,i12_08_5.bmp,8,12
0.701754444,i12_09_1.bmp,9,12
0.614197778,i12_09_2.bmp,9,12
0.526315556,i12_09_3.bmp,9,12
0.381381111,i12_09_4.bmp,9,12
0.250793333,i12_09_5.bmp,9,12
0.675675556,i12_10_1.bmp,10,12
0.654971111,i12_10_2.bmp,10,12
0.567251111,i12_10_3.bmp,10,12
0.345028889,i12_10_4.bmp,10,12
0.248537778,i12_10_5.bmp,10,12
0.600601111,I12_11_1.BMP,11,12
0.51952,i12_11_2.bmp,11,12
0.308642222,i12_11_3.bmp,11,12
0.216374444,i12_11_4.bmp,11,12
0.090643333,i12_11_5.bmp,11,12
0.611111111,i12_12_1.bmp,12,12
0.561403333,i12_12_2.bmp,12,12
0.405405556,i12_12_3.bmp,12,12
0.342105556,i12_12_4.bmp,12,12
0.342342222,i12_12_5.bmp,12,12
0.597597778,I12_13_1.BMP,13,12
0.507507778,i12_13_2.bmp,13,12
0.359648889,i12_13_3.bmp,13,12
0.314814444,i12_13_4.bmp,13,12
0.444444444,i12_13_5.bmp,13,12
0.616958889,i12_14_1.bmp,14,12
0.68421,i12_14_2.bmp,14,12
0.504504444,i12_14_3.bmp,14,12
0.497075556,i12_14_4.bmp,14,12
0.396396667,i12_14_5.bmp,14,12
0.388888889,i12_15_1.bmp,15,12
0.390476667,i12_15_2.bmp,15,12
0.406432222,i12_15_3.bmp,15,12
0.453216667,i12_15_4.bmp,15,12
0.504762222,i12_15_5.bmp,15,12
0.725146667,i12_16_1.bmp,16,12
0.6997,i12_16_2.bmp,16,12
0.672514444,i12_16_3.bmp,16,12
0.679012222,i12_16_4.bmp,16,12
0.630631111,i12_16_5.bmp,16,12
0.695906667,i12_17_1.bmp,17,12
0.75731,i12_17_2.bmp,17,12
0.534534444,i12_17_3.bmp,17,12
0.695906667,i12_17_4.bmp,17,12
0.447368889,i12_17_5.bmp,17,12
0.627627778,i12_18_1.bmp,18,12
0.594594444,i12_18_2.bmp,18,12
0.555555556,i12_18_3.bmp,18,12
0.498498889,i12_18_4.bmp,18,12
0.477477778,i12_18_5.bmp,18,12
0.636636667,i12_19_1.bmp,19,12
0.612612222,i12_19_2.bmp,19,12
0.588588889,i12_19_3.bmp,19,12
0.523392222,i12_19_4.bmp,19,12
0.447368889,i12_19_5.bmp,19,12
0.62037,i12_20_1.bmp,20,12
0.58642,i12_20_2.bmp,20,12
0.492492222,i12_20_3.bmp,20,12
0.400584444,i12_20_4.bmp,20,12
0.311728889,i12_20_5.bmp,20,12
0.573098889,i12_21_1.bmp,21,12
0.54955,i12_21_2.bmp,21,12
0.447368889,i12_21_3.bmp,21,12
0.33642,i12_21_4.bmp,21,12
0.222222222,i12_21_5.bmp,21,12
0.583333333,i12_22_1.bmp,22,12
0.570175556,i12_22_2.bmp,22,12
0.507507778,i12_22_3.bmp,22,12
0.388888889,i12_22_4.bmp,22,12
0.291291111,i12_22_5.bmp,22,12
0.672672222,i12_23_1.bmp,23,12
0.687134444,i12_23_2.bmp,23,12
0.54386,i12_23_3.bmp,23,12
0.354354444,i12_23_4.bmp,23,12
0.245614444,i12_23_5.bmp,23,12
0.651651111,i12_24_1.bmp,24,12
0.486486667,i12_24_2.bmp,24,12
0.342105556,i12_24_3.bmp,24,12
0.219297778,i12_24_4.bmp,24,12
0.045045556,i12_24_5.bmp,24,12
0.614986667,I13_01_1.bmp,1,13
0.602777778,i13_01_2.bmp,1,13
0.563307778,i13_01_3.bmp,1,13
0.5323,i13_01_4.bmp,1,13
0.44709,i13_01_5.bmp,1,13
0.589946667,i13_02_1.bmp,2,13
0.615176667,i13_02_2.bmp,2,13
0.625323333,i13_02_3.bmp,2,13
0.600528889,i13_02_4.bmp,2,13
0.518518889,i13_02_5.bmp,2,13
0.571428889,i13_03_1.bmp,3,13
0.563492222,i13_03_2.bmp,3,13
0.462963333,i13_03_3.bmp,3,13
0.407407778,i13_03_4.bmp,3,13
0.306877778,i13_03_5.bmp,3,13
0.636856667,i13_04_1.bmp,4,13
0.608333333,i13_04_2.bmp,4,13
0.617571111,i13_04_3.bmp,4,13
0.604335556,i13_04_4.bmp,4,13
0.547618889,i13_04_5.bmp,4,13
0.595237778,i13_05_1.bmp,5,13
0.560846667,i13_05_2.bmp,5,13
0.612403333,i13_05_3.bmp,5,13
0.462963333,i13_05_4.bmp,5,13
0.343915556,i13_05_5.bmp,5,13
0.505555556,i13_06_1.bmp,6,13
0.472867778,i13_06_2.bmp,6,13
0.407407778,i13_06_3.bmp,6,13
0.382428889,i13_06_4.bmp,6,13
0.343915556,i13_06_5.bmp,6,13
0.636111111,i13_07_1.bmp,7,13
0.590785556,i13_07_2.bmp,7,13
0.515873333,i13_07_3.bmp,7,13
0.379403333,i13_07_4.bmp,7,13
0.314363333,i13_07_5.bmp,7,13
0.534391111,i13_08_1.bmp,8,13
0.439153333,i13_08_2.bmp,8,13
0.346883333,i13_08_3.bmp,8,13
0.286822222,i13_08_4.bmp,8,13
0.193122222,i13_08_5.bmp,8,13
0.563685556,i13_09_1.bmp,9,13
0.529715556,i13_09_2.bmp,9,13
0.354005556,i13_09_3.bmp,9,13
0.240741111,i13_09_4.bmp,9,13
0.0542,i13_09_5.bmp,9,13
0.609818889,i13_10_1.bmp,10,13
0.607235556,i13_10_2.bmp,10,13
0.497222222,i13_10_3.bmp,10,13
0.361756667,i13_10_4.bmp,10,13
0.129198889,i13_10_5.bmp,10,13
0.591731111,I13_11_1.BMP,11,13
0.591731111,i13_11_2.bmp,11,13
0.521164444,i13_11_3.bmp,11,13
0.483204444,i13_11_4.bmp,11,13
0.26455,i13_11_5.bmp,11,13
0.581395556,i13_12_1.bmp,12,13
0.604651111,i13_12_2.bmp,12,13
0.568475556,i13_12_3.bmp,12,13
0.584655556,i13_12_4.bmp,12,13
0.560846667,i13_12_5.bmp,12,13
0.602066667,I13_13_1.BMP,13,13
0.547618889,i13_13_2.bmp,13,13
0.5323,i13_13_3.bmp,13,13
0.403794444,i13_13_4.bmp,13,13
0.267195556,i13_13_5.bmp,13,13
0.626984444,i13_14_1.bmp,14,13
0.600528889,i13_14_2.bmp,14,13
0.637566667,i13_14_3.bmp,14,13
0.55814,i13_14_4.bmp,14,13
0.441798889,i13_14_5.bmp,14,13
0.303523333,i13_15_1.bmp,15,13
0.319783333,i13_15_2.bmp,15,13
0.338624444,i13_15_3.bmp,15,13
0.396825556,i13_15_4.bmp,15,13
0.411924444,i13_15_5.bmp,15,13
0.622738889,i13_16_1.bmp,16,13
0.586563333,i13_16_2.bmp,16,13
0.604335556,i13_16_3.bmp,16,13
0.476964444,i13_16_4.bmp,16,13
0.49354,i13_16_5.bmp,16,13
0.498707778,i13_17_1.bmp,17,13
0.736434444,i13_17_2.bmp,17,13
0.413436667,i13_17_3.bmp,17,13
0.72093,i13_17_4.bmp,17,13
0.287263333,i13_17_5.bmp,17,13
0.439024444,i13_18_1.bmp,18,13
0.416021111,i13_18_2.bmp,18,13
0.349206667,i13_18_3.bmp,18,13
0.316238889,i13_18_4.bmp,18,13
0.303523333,i13_18_5.bmp,18,13
0.582655556,i13_19_1.bmp,19,13
0.584655556,i13_19_2.bmp,19,13
0.591731111,i13_19_3.bmp,19,13
0.501355556,i13_19_4.bmp,19,13
0.462532222,i13_19_5.bmp,19,13
0.630491111,i13_20_1.bmp,20,13
0.566137778,i13_20_2.bmp,20,13
0.613756667,i13_20_3.bmp,20,13
0.587301111,i13_20_4.bmp,20,13
0.581395556,i13_20_5.bmp,20,13
0.627906667,i13_21_1.bmp,21,13
0.616402222,i13_21_2.bmp,21,13
0.566137778,i13_21_3.bmp,21,13
0.524547778,i13_21_4.bmp,21,13
0.386243333,i13_21_5.bmp,21,13
0.603174444,i13_22_1.bmp,22,13
0.531165556,i13_22_2.bmp,22,13
0.44186,i13_22_3.bmp,22,13
0.325581111,i13_22_4.bmp,22,13
0.268733333,i13_22_5.bmp,22,13
0.627906667,i13_23_1.bmp,23,13
0.599483333,i13_23_2.bmp,23,13
0.605555556,i13_23_3.bmp,23,13
0.560723333,i13_23_4.bmp,23,13
0.578811111,i13_23_5.bmp,23,13
0.604651111,i13_24_1.bmp,24,13
0.57672,i13_24_2.bmp,24,13
0.488372222,i13_24_3.bmp,24,13
0.428941111,i13_24_4.bmp,24,13
0.320105556,i13_24_5.bmp,24,13
0.654654444,I14_01_1.bmp,1,14
0.632715556,i14_01_2.bmp,1,14
0.530864444,i14_01_3.bmp,1,14
0.479365556,i14_01_4.bmp,1,14
0.416666667,i14_01_5.bmp,1,14
0.663663333,i14_02_1.bmp,2,14
0.657407778,i14_02_2.bmp,2,14
0.64127,i14_02_3.bmp,2,14
0.570987778,i14_02_4.bmp,2,14
0.503086667,i14_02_5.bmp,2,14
0.57716,i14_03_1.bmp,3,14
0.492492222,i14_03_2.bmp,3,14
0.419753333,i14_03_3.bmp,3,14
0.342592222,i14_03_4.bmp,3,14
0.288287778,i14_03_5.bmp,3,14
0.669841111,i14_04_1.bmp,4,14
0.626543333,i14_04_2.bmp,4,14
0.611111111,i14_04_3.bmp,4,14
0.51746,i14_04_4.bmp,4,14
0.447531111,i14_04_5.bmp,4,14
0.672672222,i14_05_1.bmp,5,14
0.621621111,i14_05_2.bmp,5,14
0.552468889,i14_05_3.bmp,5,14
0.462462222,i14_05_4.bmp,5,14
0.336336667,i14_05_5.bmp,5,14
0.564814444,i14_06_1.bmp,6,14
0.481481111,i14_06_2.bmp,6,14
0.447531111,i14_06_3.bmp,6,14
0.419753333,i14_06_4.bmp,6,14
0.351852222,i14_06_5.bmp,6,14
0.635802222,i14_07_1.bmp,7,14
0.604937778,i14_07_2.bmp,7,14
0.475308889,i14_07_3.bmp,7,14
0.401234444,i14_07_4.bmp,7,14
0.324324444,i14_07_5.bmp,7,14
0.603603333,i14_08_1.bmp,8,14
0.506173333,i14_08_2.bmp,8,14
0.387387778,i14_08_3.bmp,8,14
0.315315556,i14_08_4.bmp,8,14
0.177176667,i14_08_5.bmp,8,14
0.672672222,i14_09_1.bmp,9,14
0.654654444,i14_09_2.bmp,9,14
0.5,i14_09_3.bmp,9,14
0.321321111,i14_09_4.bmp,9,14
0.194444444,i14_09_5.bmp,9,14
0.641975556,i14_10_1.bmp,10,14
0.574074444,i14_10_2.bmp,10,14
0.472222222,i14_10_3.bmp,10,14
0.339506667,i14_10_4.bmp,10,14
0.20679,i14_10_5.bmp,10,14
0.663663333,I14_11_1.BMP,11,14
0.608024444,i14_11_2.bmp,11,14
0.471471111,i14_11_3.bmp,11,14
0.342592222,i14_11_4.bmp,11,14
0.142856667,i14_11_5.bmp,11,14
0.645645556,i14_12_1.bmp,12,14
0.627451111,i14_12_2.bmp,12,14
0.450793333,i14_12_3.bmp,12,14
0.45946,i14_12_4.bmp,12,14
0.354354444,i14_12_5.bmp,12,14
0.558558889,I14_13_1.BMP,13,14
0.503086667,i14_13_2.bmp,13,14
0.402402222,i14_13_3.bmp,13,14
0.342592222,i14_13_4.bmp,13,14
0.212963333,i14_13_5.bmp,13,14
0.672672222,i14_14_1.bmp,14,14
0.633633333,i14_14_2.bmp,14,14
0.521604444,i14_14_3.bmp,14,14
0.462963333,i14_14_4.bmp,14,14
0.374603333,i14_14_5.bmp,14,14
0.327327778,i14_15_1.bmp,15,14
0.372372222,i14_15_2.bmp,15,14
0.392156667,i14_15_3.bmp,15,14
0.402402222,i14_15_4.bmp,15,14
0.441441111,i14_15_5.bmp,15,14
0.64127,i14_16_1.bmp,16,14
0.663663333,i14_16_2.bmp,16,14
0.589506667,i14_16_3.bmp,16,14
0.574603333,i14_16_4.bmp,16,14
0.447618889,i14_16_5.bmp,16,14
0.600601111,i14_17_1.bmp,17,14
0.714714444,i14_17_2.bmp,17,14
0.459876667,i14_17_3.bmp,17,14
0.657657778,i14_17_4.bmp,17,14
0.36036,i14_17_5.bmp,17,14
0.596825556,i14_18_1.bmp,18,14
0.570987778,i14_18_2.bmp,18,14
0.518518889,i14_18_3.bmp,18,14
0.460784444,i14_18_4.bmp,18,14
0.416666667,i14_18_5.bmp,18,14
0.596825556,i14_19_1.bmp,19,14
0.567901111,i14_19_2.bmp,19,14
0.552468889,i14_19_3.bmp,19,14
0.434921111,i14_19_4.bmp,19,14
0.35873,i14_19_5.bmp,19,14
0.635802222,i14_20_1.bmp,20,14
0.621621111,i14_20_2.bmp,20,14
0.601852222,i14_20_3.bmp,20,14
0.466048889,i14_20_4.bmp,20,14
0.363363333,i14_20_5.bmp,20,14
0.588588889,i14_21_1.bmp,21,14
0.574074444,i14_21_2.bmp,21,14
0.504504444,i14_21_3.bmp,21,14
0.416666667,i14_21_4.bmp,21,14
0.294294444,i14_21_5.bmp,21,14
0.600601111,i14_22_1.bmp,22,14
0.596825556,i14_22_2.bmp,22,14
0.561728889,i14_22_3.bmp,22,14
0.44127,i14_22_4.bmp,22,14
0.364197778,i14_22_5.bmp,22,14
0.669753333,i14_23_1.bmp,23,14
0.66967,i14_23_2.bmp,23,14
0.623456667,i14_23_3.bmp,23,14
0.555555556,i14_23_4.bmp,23,14
0.308642222,i14_23_5.bmp,23,14
0.681682222,i14_24_1.bmp,24,14
0.62037,i14_24_2.bmp,24,14
0.493826667,i14_24_3.bmp,24,14
0.354354444,i14_24_4.bmp,24,14
0.102102222,i14_24_5.bmp,24,14
0.646913333,I15_01_1.bmp,1,15
0.563131111,i15_01_2.bmp,1,15
0.550617778,i15_01_3.bmp,1,15
0.475452222,i15_01_4.bmp,1,15
0.434567778,i15_01_5.bmp,1,15
0.676767778,i15_02_1.bmp,2,15
0.646464444,i15_02_2.bmp,2,15
0.626262222,i15_02_3.bmp,2,15
0.542928889,i15_02_4.bmp,2,15
0.515151111,i15_02_5.bmp,2,15
0.48062,i15_03_1.bmp,3,15
0.423772222,i15_03_2.bmp,3,15
0.401515556,i15_03_3.bmp,3,15
0.353086667,i15_03_4.bmp,3,15
0.29199,i15_03_5.bmp,3,15
0.669192222,i15_04_1.bmp,4,15
0.671604444,i15_04_2.bmp,4,15
0.648578889,i15_04_3.bmp,4,15
0.641975556,i15_04_4.bmp,4,15
0.55303,i15_04_5.bmp,4,15
0.642856667,i15_05_1.bmp,5,15
0.627906667,i15_05_2.bmp,5,15
0.568182222,i15_05_3.bmp,5,15
0.45202,i15_05_4.bmp,5,15
0.368686667,i15_05_5.bmp,5,15
0.492424444,i15_06_1.bmp,6,15
0.464197778,i15_06_2.bmp,6,15
0.44186,i15_06_3.bmp,6,15
0.373737778,i15_06_4.bmp,6,15
0.353086667,i15_06_5.bmp,6,15
0.534883333,i15_07_1.bmp,7,15
0.436692222,i15_07_2.bmp,7,15
0.401515556,i15_07_3.bmp,7,15
0.323456667,i15_07_4.bmp,7,15
0.271604444,i15_07_5.bmp,7,15
0.661728889,i15_08_1.bmp,8,15
0.674074444,i15_08_2.bmp,8,15
0.570706667,i15_08_3.bmp,8,15
0.436868889,i15_08_4.bmp,8,15
0.373737778,i15_08_5.bmp,8,15
0.658914444,i15_09_1.bmp,9,15
0.616161111,i15_09_2.bmp,9,15
0.521963333,i15_09_3.bmp,9,15
0.416021111,i15_09_4.bmp,9,15
0.277777778,i15_09_5.bmp,9,15
0.641975556,i15_10_1.bmp,10,15
0.633838889,i15_10_2.bmp,10,15
0.511111111,i15_10_3.bmp,10,15
0.353086667,i15_10_4.bmp,10,15
0.207407778,i15_10_5.bmp,10,15
0.649382222,I15_11_1.BMP,11,15
0.488888889,i15_11_2.bmp,11,15
0.338753333,i15_11_3.bmp,11,15
0.222222222,i15_11_4.bmp,11,15
0.072351111,i15_11_5.bmp,11,15
0.62963,i15_12_1.bmp,12,15
0.60101,i15_12_2.bmp,12,15
0.469135556,i15_12_3.bmp,12,15
0.355555556,i15_12_4.bmp,12,15
0.285353333,i15_12_5.bmp,12,15
0.537878889,I15_13_1.BMP,13,15
0.418604444,i15_13_2.bmp,13,15
0.372093333,i15_13_3.bmp,13,15
0.318182222,i15_13_4.bmp,13,15
0.234848889,i15_13_5.bmp,13,15
0.621212222,i15_14_1.bmp,14,15
0.683951111,i15_14_2.bmp,14,15
0.661728889,i15_14_3.bmp,14,15
0.558201111,i15_14_4.bmp,14,15
0.421716667,i15_14_5.bmp,14,15
0.431817778,i15_15_1.bmp,15,15
0.44697,i15_15_2.bmp,15,15
0.439394444,i15_15_3.bmp,15,15
0.459595556,i15_15_4.bmp,15,15
0.550505556,i15_15_5.bmp,15,15
0.691918889,i15_16_1.bmp,16,15
0.656331111,i15_16_2.bmp,16,15
0.602468889,i15_16_3.bmp,16,15
0.598484444,i15_16_4.bmp,16,15
0.447028889,i15_16_5.bmp,16,15
0.659091111,i15_17_1.bmp,17,15
0.740741111,i15_17_2.bmp,17,15
0.555555556,i15_17_3.bmp,17,15
0.701234444,i15_17_4.bmp,17,15
0.424691111,i15_17_5.bmp,17,15
0.57284,i15_18_1.bmp,18,15
0.534883333,i15_18_2.bmp,18,15
0.485787778,i15_18_3.bmp,18,15
0.454545556,i15_18_4.bmp,18,15
0.418604444,i15_18_5.bmp,18,15
0.656565556,i15_19_1.bmp,19,15
0.592592222,i15_19_2.bmp,19,15
0.524547778,i15_19_3.bmp,19,15
0.485787778,i15_19_4.bmp,19,15
0.434567778,i15_19_5.bmp,19,15
0.702842222,i15_20_1.bmp,20,15
0.62716,i15_20_2.bmp,20,15
0.527132222,i15_20_3.bmp,20,15
0.348147778,i15_20_4.bmp,20,15
0.271604444,i15_20_5.bmp,20,15
0.580807778,i15_21_1.bmp,21,15
0.506173333,i15_21_2.bmp,21,15
0.434567778,i15_21_3.bmp,21,15
0.34596,i15_21_4.bmp,21,15
0.255814444,i15_21_5.bmp,21,15
0.703703333,i15_22_1.bmp,22,15
0.644444444,i15_22_2.bmp,22,15
0.598484444,i15_22_3.bmp,22,15
0.498765556,i15_22_4.bmp,22,15
0.412345556,i15_22_5.bmp,22,15
0.656565556,i15_23_1.bmp,23,15
0.656565556,i15_23_2.bmp,23,15
0.59596,i15_23_3.bmp,23,15
0.497474444,i15_23_4.bmp,23,15
0.374676667,i15_23_5.bmp,23,15
0.641414444,i15_24_1.bmp,24,15
0.534883333,i15_24_2.bmp,24,15
0.358585556,i15_24_3.bmp,24,15
0.209595556,i15_24_4.bmp,24,15
0.080807778,i15_24_5.bmp,24,15
0.623931111,I16_01_1.bmp,1,16
0.627777778,i16_01_2.bmp,1,16
0.55848,i16_01_3.bmp,1,16
0.461538889,i16_01_4.bmp,1,16
0.438746667,i16_01_5.bmp,1,16
0.655555556,i16_02_1.bmp,2,16
0.683333333,i16_02_2.bmp,2,16
0.619444444,i16_02_3.bmp,2,16
0.577777778,i16_02_4.bmp,2,16
0.51282,i16_02_5.bmp,2,16
0.527065556,i16_03_1.bmp,3,16
0.453216667,i16_03_2.bmp,3,16
0.410256667,i16_03_3.bmp,3,16
0.359648889,i16_03_4.bmp,3,16
0.310541111,i16_03_5.bmp,3,16
0.647222222,i16_04_1.bmp,4,16
0.646723333,i16_04_2.bmp,4,16
0.638888889,i16_04_3.bmp,4,16
0.569801111,i16_04_4.bmp,4,16
0.51282,i16_04_5.bmp,4,16
0.644444444,i16_05_1.bmp,5,16
0.623931111,i16_05_2.bmp,5,16
0.581196667,i16_05_3.bmp,5,16
0.483333333,i16_05_4.bmp,5,16
0.377193333,i16_05_5.bmp,5,16
0.586894444,i16_06_1.bmp,6,16
0.535612222,i16_06_2.bmp,6,16
0.504273333,i16_06_3.bmp,6,16
0.44152,i16_06_4.bmp,6,16
0.39886,i16_06_5.bmp,6,16
0.608333333,i16_07_1.bmp,7,16
0.527777778,i16_07_2.bmp,7,16
0.483333333,i16_07_3.bmp,7,16
0.407407778,i16_07_4.bmp,7,16
0.344728889,i16_07_5.bmp,7,16
0.646723333,i16_08_1.bmp,8,16
0.580555556,i16_08_2.bmp,8,16
0.475,i16_08_3.bmp,8,16
0.401708889,i16_08_4.bmp,8,16
0.325,i16_08_5.bmp,8,16
0.669515556,i16_09_1.bmp,9,16
0.641025556,i16_09_2.bmp,9,16
0.509971111,i16_09_3.bmp,9,16
0.347578889,i16_09_4.bmp,9,16
0.260234444,i16_09_5.bmp,9,16
0.655555556,i16_10_1.bmp,10,16
0.641025556,i16_10_2.bmp,10,16
0.584045556,i16_10_3.bmp,10,16
0.401708889,i16_10_4.bmp,10,16
0.273504444,i16_10_5.bmp,10,16
0.652777778,I16_11_1.BMP,11,16
0.563888889,i16_11_2.bmp,11,16
0.321937778,i16_11_3.bmp,11,16
0.230555556,i16_11_4.bmp,11,16
0.105555556,i16_11_5.bmp,11,16
0.652777778,i16_12_1.bmp,12,16
0.619444444,i16_12_2.bmp,12,16
0.547222222,i16_12_3.bmp,12,16
0.364672222,i16_12_4.bmp,12,16
0.288888889,i16_12_5.bmp,12,16
0.511111111,I16_13_1.BMP,13,16
0.423976667,i16_13_2.bmp,13,16
0.495726667,i16_13_3.bmp,13,16
0.339031111,i16_13_4.bmp,13,16
0.402777778,i16_13_5.bmp,13,16
0.641025556,i16_14_1.bmp,14,16
0.681286667,i16_14_2.bmp,14,16
0.623931111,i16_14_3.bmp,14,16
0.614035556,i16_14_4.bmp,14,16
0.508333333,i16_14_5.bmp,14,16
0.378917778,i16_15_1.bmp,15,16
0.393162222,i16_15_2.bmp,15,16
0.386111111,i16_15_3.bmp,15,16
0.405555556,i16_15_4.bmp,15,16
0.447368889,i16_15_5.bmp,15,16
0.65812,i16_16_1.bmp,16,16
0.697222222,i16_16_2.bmp,16,16
0.631578889,i16_16_3.bmp,16,16
0.638888889,i16_16_4.bmp,16,16
0.51282,i16_16_5.bmp,16,16
0.647222222,i16_17_1.bmp,17,16
0.788888889,i16_17_2.bmp,17,16
0.527777778,i16_17_3.bmp,17,16
0.738888889,i16_17_4.bmp,17,16
0.373218889,i16_17_5.bmp,17,16
0.511111111,i16_18_1.bmp,18,16
0.488304444,i16_18_2.bmp,18,16
0.45,i16_18_3.bmp,18,16
0.435897778,i16_18_4.bmp,18,16
0.438596667,i16_18_5.bmp,18,16
0.619444444,i16_19_1.bmp,19,16
0.597222222,i16_19_2.bmp,19,16
0.51282,i16_19_3.bmp,19,16
0.461538889,i16_19_4.bmp,19,16
0.407407778,i16_19_5.bmp,19,16
0.675213333,i16_20_1.bmp,20,16
0.638176667,i16_20_2.bmp,20,16
0.576023333,i16_20_3.bmp,20,16
0.458333333,i16_20_4.bmp,20,16
0.39886,i16_20_5.bmp,20,16
0.647222222,i16_21_1.bmp,21,16
0.606837778,i16_21_2.bmp,21,16
0.472934444,i16_21_3.bmp,21,16
0.418803333,i16_21_4.bmp,21,16
0.205127778,i16_21_5.bmp,21,16
0.623931111,i16_22_1.bmp,22,16
0.594444444,i16_22_2.bmp,22,16
0.54955,i16_22_3.bmp,22,16
0.44152,i16_22_4.bmp,22,16
0.308333333,i16_22_5.bmp,22,16
0.680555556,i16_23_1.bmp,23,16
0.536111111,i16_23_2.bmp,23,16
0.3,i16_23_3.bmp,23,16
0.239765556,i16_23_4.bmp,23,16
0.169591111,i16_23_5.bmp,23,16
0.596491111,i16_24_1.bmp,24,16
0.450292222,i16_24_2.bmp,24,16
0.293447778,i16_24_3.bmp,24,16
0.204678889,i16_24_4.bmp,24,16
0.108262222,i16_24_5.bmp,24,16
0.654654444,I17_01_1.bmp,1,17
0.578947778,i17_01_2.bmp,1,17
0.561253333,i17_01_3.bmp,1,17
0.48718,i17_01_4.bmp,1,17
0.430198889,i17_01_5.bmp,1,17
0.638888889,i17_02_1.bmp,2,17
0.666666667,i17_02_2.bmp,2,17
0.647222222,i17_02_3.bmp,2,17
0.586111111,i17_02_4.bmp,2,17
0.498575556,i17_02_5.bmp,2,17
0.552631111,i17_03_1.bmp,3,17
0.492877778,i17_03_2.bmp,3,17
0.424501111,i17_03_3.bmp,3,17
0.372222222,i17_03_4.bmp,3,17
0.321937778,i17_03_5.bmp,3,17
0.641025556,i17_04_1.bmp,4,17
0.663742222,i17_04_2.bmp,4,17
0.592592222,i17_04_3.bmp,4,17
0.581871111,i17_04_4.bmp,4,17
0.526315556,i17_04_5.bmp,4,17
0.647222222,i17_05_1.bmp,5,17
0.658333333,i17_05_2.bmp,5,17
0.581871111,i17_05_3.bmp,5,17
0.464387778,i17_05_4.bmp,5,17
0.371345556,i17_05_5.bmp,5,17
0.47076,i17_06_1.bmp,6,17
0.492492222,i17_06_2.bmp,6,17
0.444444444,i17_06_3.bmp,6,17
0.394444444,i17_06_4.bmp,6,17
0.367521111,i17_06_5.bmp,6,17
0.635327778,i17_07_1.bmp,7,17
0.517543333,i17_07_2.bmp,7,17
0.433048889,i17_07_3.bmp,7,17
0.356125556,i17_07_4.bmp,7,17
0.274853333,i17_07_5.bmp,7,17
0.638176667,i17_08_1.bmp,8,17
0.580555556,i17_08_2.bmp,8,17
0.508333333,i17_08_3.bmp,8,17
0.413105556,i17_08_4.bmp,8,17
0.327777778,i17_08_5.bmp,8,17
0.669444444,i17_09_1.bmp,9,17
0.678362222,i17_09_2.bmp,9,17
0.558333333,i17_09_3.bmp,9,17
0.424501111,i17_09_4.bmp,9,17
0.273273333,i17_09_5.bmp,9,17
0.672364444,i17_10_1.bmp,10,17
0.658333333,i17_10_2.bmp,10,17
0.57265,i17_10_3.bmp,10,17
0.380555556,i17_10_4.bmp,10,17
0.25,i17_10_5.bmp,10,17
0.618233333,I17_11_1.BMP,11,17
0.603988889,i17_11_2.bmp,11,17
0.42735,i17_11_3.bmp,11,17
0.307692222,i17_11_4.bmp,11,17
0.113888889,i17_11_5.bmp,11,17
0.652777778,i17_12_1.bmp,12,17
0.65812,i17_12_2.bmp,12,17
0.564102222,i17_12_3.bmp,12,17
0.436111111,i17_12_4.bmp,12,17
0.276353333,i17_12_5.bmp,12,17
0.572222222,I17_13_1.BMP,13,17
0.494444444,i17_13_2.bmp,13,17
0.362573333,i17_13_3.bmp,13,17
0.269444444,i17_13_4.bmp,13,17
0.263157778,i17_13_5.bmp,13,17
0.652777778,i17_14_1.bmp,14,17
0.643874444,i17_14_2.bmp,14,17
0.614035556,i17_14_3.bmp,14,17
0.48433,i17_14_4.bmp,14,17
0.391666667,i17_14_5.bmp,14,17
0.394444444,i17_15_1.bmp,15,17
0.378917778,i17_15_2.bmp,15,17
0.361823333,i17_15_3.bmp,15,17
0.402777778,i17_15_4.bmp,15,17
0.444444444,i17_15_5.bmp,15,17
0.658333333,i17_16_1.bmp,16,17
0.669444444,i17_16_2.bmp,16,17
0.619883333,i17_16_3.bmp,16,17
0.573098889,i17_16_4.bmp,16,17
0.464387778,i17_16_5.bmp,16,17
0.619444444,i17_17_1.bmp,17,17
0.736111111,i17_17_2.bmp,17,17
0.498575556,i17_17_3.bmp,17,17
0.788888889,i17_17_4.bmp,17,17
0.374268889,i17_17_5.bmp,17,17
0.505555556,i17_18_1.bmp,18,17
0.452991111,i17_18_2.bmp,18,17
0.45869,i17_18_3.bmp,18,17
0.424501111,i17_18_4.bmp,18,17
0.413105556,i17_18_5.bmp,18,17
0.636111111,i17_19_1.bmp,19,17
0.592592222,i17_19_2.bmp,19,17
0.529914444,i17_19_3.bmp,19,17
0.478632222,i17_19_4.bmp,19,17
0.435897778,i17_19_5.bmp,19,17
0.638888889,i17_20_1.bmp,20,17
0.605555556,i17_20_2.bmp,20,17
0.540935556,i17_20_3.bmp,20,17
0.48538,i17_20_4.bmp,20,17
0.318317778,i17_20_5.bmp,20,17
0.602777778,i17_21_1.bmp,21,17
0.532763333,i17_21_2.bmp,21,17
0.472222222,i17_21_3.bmp,21,17
0.376068889,i17_21_4.bmp,21,17
0.280702222,i17_21_5.bmp,21,17
0.663888889,i17_22_1.bmp,22,17
0.623931111,i17_22_2.bmp,22,17
0.482456667,i17_22_3.bmp,22,17
0.39886,i17_22_4.bmp,22,17
0.321937778,i17_22_5.bmp,22,17
0.655555556,i17_23_1.bmp,23,17
0.655555556,i17_23_2.bmp,23,17
0.507122222,i17_23_3.bmp,23,17
0.350427778,i17_23_4.bmp,23,17
0.213675556,i17_23_5.bmp,23,17
0.672222222,i17_24_1.bmp,24,17
0.613888889,i17_24_2.bmp,24,17
0.44152,i17_24_3.bmp,24,17
0.225071111,i17_24_4.bmp,24,17
0.038012222,i17_24_5.bmp,24,17
0.632275556,I18_01_1.bmp,1,18
0.601625556,i18_01_2.bmp,1,18
0.538888889,i18_01_3.bmp,1,18
0.495934444,i18_01_4.bmp,1,18
0.444444444,i18_01_5.bmp,1,18
0.661246667,i18_02_1.bmp,2,18
0.653438889,i18_02_2.bmp,2,18
0.637566667,i18_02_3.bmp,2,18
0.514905556,i18_02_4.bmp,2,18
0.471544444,i18_02_5.bmp,2,18
0.55291,i18_03_1.bmp,3,18
0.505555556,i18_03_2.bmp,3,18
0.415344444,i18_03_3.bmp,3,18
0.346561111,i18_03_4.bmp,3,18
0.283068889,i18_03_5.bmp,3,18
0.686111111,i18_04_1.bmp,4,18
0.653438889,i18_04_2.bmp,4,18
0.653116667,i18_04_3.bmp,4,18
0.590785556,i18_04_4.bmp,4,18
0.482384444,i18_04_5.bmp,4,18
0.693766667,i18_05_1.bmp,5,18
0.623306667,i18_05_2.bmp,5,18
0.574525556,i18_05_3.bmp,5,18
0.444444444,i18_05_4.bmp,5,18
0.347222222,i18_05_5.bmp,5,18
0.507936667,i18_06_1.bmp,6,18
0.461111111,i18_06_2.bmp,6,18
0.42328,i18_06_3.bmp,6,18
0.414634444,i18_06_4.bmp,6,18
0.355013333,i18_06_5.bmp,6,18
0.619047778,i18_07_1.bmp,7,18
0.547618889,i18_07_2.bmp,7,18
0.468254444,i18_07_3.bmp,7,18
0.378306667,i18_07_4.bmp,7,18
0.333333333,i18_07_5.bmp,7,18
0.632275556,i18_08_1.bmp,8,18
0.517615556,i18_08_2.bmp,8,18
0.460317778,i18_08_3.bmp,8,18
0.338624444,i18_08_4.bmp,8,18
0.227642222,i18_08_5.bmp,8,18
0.669376667,i18_09_1.bmp,9,18
0.653438889,i18_09_2.bmp,9,18
0.473544444,i18_09_3.bmp,9,18
0.336043333,i18_09_4.bmp,9,18
0.189702222,i18_09_5.bmp,9,18
0.674796667,i18_10_1.bmp,10,18
0.642276667,i18_10_2.bmp,10,18
0.519444444,i18_10_3.bmp,10,18
0.388888889,i18_10_4.bmp,10,18
0.241192222,i18_10_5.bmp,10,18
0.644986667,I18_11_1.BMP,11,18
0.611111111,i18_11_2.bmp,11,18
0.501355556,i18_11_3.bmp,11,18
0.34127,i18_11_4.bmp,11,18
0.111111111,i18_11_5.bmp,11,18
0.706348889,i18_12_1.bmp,12,18
0.596205556,i18_12_2.bmp,12,18
0.617886667,i18_12_3.bmp,12,18
0.547222222,i18_12_4.bmp,12,18
0.295393333,i18_12_5.bmp,12,18
0.460704444,I18_13_1.BMP,13,18
0.484126667,i18_13_2.bmp,13,18
0.431216667,i18_13_3.bmp,13,18
0.322493333,i18_13_4.bmp,13,18
0.273712222,i18_13_5.bmp,13,18
0.550135556,i18_14_1.bmp,14,18
0.666666667,i18_14_2.bmp,14,18
0.466124444,i18_14_3.bmp,14,18
0.462963333,i18_14_4.bmp,14,18
0.371273333,i18_14_5.bmp,14,18
0.357723333,i18_15_1.bmp,15,18
0.371273333,i18_15_2.bmp,15,18
0.355555556,i18_15_3.bmp,15,18
0.391666667,i18_15_4.bmp,15,18
0.439153333,i18_15_5.bmp,15,18
0.712736667,i18_16_1.bmp,16,18
0.661375556,i18_16_2.bmp,16,18
0.632275556,i18_16_3.bmp,16,18
0.555555556,i18_16_4.bmp,16,18
0.472934444,i18_16_5.bmp,16,18
0.65873,i18_17_1.bmp,17,18
0.677506667,i18_17_2.bmp,17,18
0.490514444,i18_17_3.bmp,17,18
0.656084444,i18_17_4.bmp,17,18
0.387533333,i18_17_5.bmp,17,18
0.558265556,i18_18_1.bmp,18,18
0.533333333,i18_18_2.bmp,18,18
0.484126667,i18_18_3.bmp,18,18
0.452381111,i18_18_4.bmp,18,18
0.455026667,i18_18_5.bmp,18,18
0.571428889,i18_19_1.bmp,19,18
0.563492222,i18_19_2.bmp,19,18
0.486111111,i18_19_3.bmp,19,18
0.428184444,i18_19_4.bmp,19,18
0.411924444,i18_19_5.bmp,19,18
0.685185556,i18_20_1.bmp,20,18
0.619047778,i18_20_2.bmp,20,18
0.596205556,i18_20_3.bmp,20,18
0.485094444,i18_20_4.bmp,20,18
0.369444444,i18_20_5.bmp,20,18
0.613756667,i18_21_1.bmp,21,18
0.593495556,i18_21_2.bmp,21,18
0.5,i18_21_3.bmp,21,18
0.362433333,i18_21_4.bmp,21,18
0.257452222,i18_21_5.bmp,21,18
0.634921111,i18_22_1.bmp,22,18
0.489417778,i18_22_2.bmp,22,18
0.409214444,i18_22_3.bmp,22,18
0.328042222,i18_22_4.bmp,22,18
0.259258889,i18_22_5.bmp,22,18
0.701057778,i18_23_1.bmp,23,18
0.687831111,i18_23_2.bmp,23,18
0.675,i18_23_3.bmp,23,18
0.65873,i18_23_4.bmp,23,18
0.444444444,i18_23_5.bmp,23,18
0.655826667,i18_24_1.bmp,24,18
0.621693333,i18_24_2.bmp,24,18
0.509485556,i18_24_3.bmp,24,18
0.357723333,i18_24_4.bmp,24,18
0.113756667,i18_24_5.bmp,24,18
0.636636667,I19_01_1.bmp,1,19
0.567567778,i19_01_2.bmp,1,19
0.511695556,i19_01_3.bmp,1,19
0.45946,i19_01_4.bmp,1,19
0.396396667,i19_01_5.bmp,1,19
0.675675556,i19_02_1.bmp,2,19
0.627627778,i19_02_2.bmp,2,19
0.619883333,i19_02_3.bmp,2,19
0.555555556,i19_02_4.bmp,2,19
0.496913333,i19_02_5.bmp,2,19
0.518518889,i19_03_1.bmp,3,19
0.45045,i19_03_2.bmp,3,19
0.403508889,i19_03_3.bmp,3,19
0.333333333,i19_03_4.bmp,3,19
0.280702222,i19_03_5.bmp,3,19
0.654971111,i19_04_1.bmp,4,19
0.660661111,i19_04_2.bmp,4,19
0.654971111,i19_04_3.bmp,4,19
0.582582222,i19_04_4.bmp,4,19
0.498498889,i19_04_5.bmp,4,19
0.663742222,i19_05_1.bmp,5,19
0.611111111,i19_05_2.bmp,5,19
0.564327778,i19_05_3.bmp,5,19
0.444444444,i19_05_4.bmp,5,19
0.353801111,i19_05_5.bmp,5,19
0.526315556,i19_06_1.bmp,6,19
0.516516667,i19_06_2.bmp,6,19
0.429824444,i19_06_3.bmp,6,19
0.396396667,i19_06_4.bmp,6,19
0.354354444,i19_06_5.bmp,6,19
0.597597778,i19_07_1.bmp,7,19
0.51952,i19_07_2.bmp,7,19
0.432098889,i19_07_3.bmp,7,19
0.354937778,i19_07_4.bmp,7,19
0.289473333,i19_07_5.bmp,7,19
0.594594444,i19_08_1.bmp,8,19
0.522522222,i19_08_2.bmp,8,19
0.418128889,i19_08_3.bmp,8,19
0.321321111,i19_08_4.bmp,8,19
0.252252222,i19_08_5.bmp,8,19
0.675675556,i19_09_1.bmp,9,19
0.654971111,i19_09_2.bmp,9,19
0.540935556,i19_09_3.bmp,9,19
0.363363333,i19_09_4.bmp,9,19
0.207206667,i19_09_5.bmp,9,19
0.637426667,i19_10_1.bmp,10,19
0.608024444,i19_10_2.bmp,10,19
0.540123333,i19_10_3.bmp,10,19
0.333333333,i19_10_4.bmp,10,19
0.18421,i19_10_5.bmp,10,19
0.614035556,I19_11_1.BMP,11,19
0.552631111,i19_11_2.bmp,11,19
0.502924444,i19_11_3.bmp,11,19
0.327327778,i19_11_4.bmp,11,19
0.137426667,i19_11_5.bmp,11,19
0.681286667,i19_12_1.bmp,12,19
0.621621111,i19_12_2.bmp,12,19
0.576023333,i19_12_3.bmp,12,19
0.564564444,i19_12_4.bmp,12,19
0.503086667,i19_12_5.bmp,12,19
0.51952,I19_13_1.BMP,13,19
0.450292222,i19_13_2.bmp,13,19
0.402402222,i19_13_3.bmp,13,19
0.342105556,i19_13_4.bmp,13,19
0.216374444,i19_13_5.bmp,13,19
0.623456667,i19_14_1.bmp,14,19
0.669591111,i19_14_2.bmp,14,19
0.606606667,i19_14_3.bmp,14,19
0.546783333,i19_14_4.bmp,14,19
0.405405556,i19_14_5.bmp,14,19
0.320987778,i19_15_1.bmp,15,19
0.364197778,i19_15_2.bmp,15,19
0.39039,i19_15_3.bmp,15,19
0.409356667,i19_15_4.bmp,15,19
0.393393333,i19_15_5.bmp,15,19
0.681286667,i19_16_1.bmp,16,19
0.695906667,i19_16_2.bmp,16,19
0.587718889,i19_16_3.bmp,16,19
0.649123333,i19_16_4.bmp,16,19
0.490741111,i19_16_5.bmp,16,19
0.608186667,i19_17_1.bmp,17,19
0.687687778,i19_17_2.bmp,17,19
0.492492222,i19_17_3.bmp,17,19
0.63964,i19_17_4.bmp,17,19
0.371345556,i19_17_5.bmp,17,19
0.570571111,i19_18_1.bmp,18,19
0.487654444,i19_18_2.bmp,18,19
0.471471111,i19_18_3.bmp,18,19
0.453453333,i19_18_4.bmp,18,19
0.45045,i19_18_5.bmp,18,19
0.615615556,i19_19_1.bmp,19,19
0.552552222,i19_19_2.bmp,19,19
0.506173333,i19_19_3.bmp,19,19
0.479365556,i19_19_4.bmp,19,19
0.395062222,i19_19_5.bmp,19,19
0.633633333,i19_20_1.bmp,20,19
0.634503333,i19_20_2.bmp,20,19
0.576576667,i19_20_3.bmp,20,19
0.459876667,i19_20_4.bmp,20,19
0.339181111,i19_20_5.bmp,20,19
0.600601111,i19_21_1.bmp,21,19
0.573573333,i19_21_2.bmp,21,19
0.453453333,i19_21_3.bmp,21,19
0.396396667,i19_21_4.bmp,21,19
0.25,i19_21_5.bmp,21,19
0.637426667,i19_22_1.bmp,22,19
0.591591111,i19_22_2.bmp,22,19
0.488888889,i19_22_3.bmp,22,19
0.438596667,i19_22_4.bmp,22,19
0.306306667,i19_22_5.bmp,22,19
0.652046667,i19_23_1.bmp,23,19
0.69883,i19_23_2.bmp,23,19
0.63964,i19_23_3.bmp,23,19
0.640351111,i19_23_4.bmp,23,19
0.57958,i19_23_5.bmp,23,19
0.606606667,i19_24_1.bmp,24,19
0.522522222,i19_24_2.bmp,24,19
0.404321111,i19_24_3.bmp,24,19
0.277777778,i19_24_4.bmp,24,19
0.08642,i19_24_5.bmp,24,19
0.641025556,I20_01_1.bmp,1,20
0.612535556,i20_01_2.bmp,1,20
0.546783333,i20_01_3.bmp,1,20
0.492877778,i20_01_4.bmp,1,20
0.42042,i20_01_5.bmp,1,20
0.649123333,i20_02_1.bmp,2,20
0.643874444,i20_02_2.bmp,2,20
0.612612222,i20_02_3.bmp,2,20
0.586894444,i20_02_4.bmp,2,20
0.498575556,i20_02_5.bmp,2,20
0.549707778,i20_03_1.bmp,3,20
0.467836667,i20_03_2.bmp,3,20
0.423423333,i20_03_3.bmp,3,20
0.347578889,i20_03_4.bmp,3,20
0.295321111,i20_03_5.bmp,3,20
0.634503333,i20_04_1.bmp,4,20
0.608186667,i20_04_2.bmp,4,20
0.573098889,i20_04_3.bmp,4,20
0.525525556,i20_04_4.bmp,4,20
0.45045,i20_04_5.bmp,4,20
0.669591111,i20_05_1.bmp,5,20
0.640351111,i20_05_2.bmp,5,20
0.599415556,i20_05_3.bmp,5,20
0.470085556,i20_05_4.bmp,5,20
0.324561111,i20_05_5.bmp,5,20
0.552631111,i20_06_1.bmp,6,20
0.459876667,i20_06_2.bmp,6,20
0.438596667,i20_06_3.bmp,6,20
0.381766667,i20_06_4.bmp,6,20
0.344728889,i20_06_5.bmp,6,20
0.586894444,i20_07_1.bmp,7,20
0.525525556,i20_07_2.bmp,7,20
0.497075556,i20_07_3.bmp,7,20
0.415204444,i20_07_4.bmp,7,20
0.364672222,i20_07_5.bmp,7,20
0.628654444,i20_08_1.bmp,8,20
0.588588889,i20_08_2.bmp,8,20
0.447531111,i20_08_3.bmp,8,20
0.380116667,i20_08_4.bmp,8,20
0.287748889,i20_08_5.bmp,8,20
0.695906667,i20_09_1.bmp,9,20
0.681286667,i20_09_2.bmp,9,20
0.592592222,i20_09_3.bmp,9,20
0.417417778,i20_09_4.bmp,9,20
0.246246667,i20_09_5.bmp,9,20
0.681286667,i20_10_1.bmp,10,20
0.637426667,i20_10_2.bmp,10,20
0.549382222,i20_10_3.bmp,10,20
0.397661111,i20_10_4.bmp,10,20
0.304843333,i20_10_5.bmp,10,20
0.619883333,I20_11_1.BMP,11,20
0.538012222,i20_11_2.bmp,11,20
0.381381111,i20_11_3.bmp,11,20
0.22807,i20_11_4.bmp,11,20
0.082621111,i20_11_5.bmp,11,20
0.680912222,i20_12_1.bmp,12,20
0.589743333,i20_12_2.bmp,12,20
0.494152222,i20_12_3.bmp,12,20
0.472934444,i20_12_4.bmp,12,20
0.28655,i20_12_5.bmp,12,20
0.57265,I20_13_1.BMP,13,20
0.421052222,i20_13_2.bmp,13,20
0.424501111,i20_13_3.bmp,13,20
0.321321111,i20_13_4.bmp,13,20
0.225225556,i20_13_5.bmp,13,20
0.669591111,i20_14_1.bmp,14,20
0.649123333,i20_14_2.bmp,14,20
0.505847778,i20_14_3.bmp,14,20
0.45869,i20_14_4.bmp,14,20
0.374268889,i20_14_5.bmp,14,20
0.358974444,i20_15_1.bmp,15,20
0.371345556,i20_15_2.bmp,15,20
0.410256667,i20_15_3.bmp,15,20
0.433048889,i20_15_4.bmp,15,20
0.450142222,i20_15_5.bmp,15,20
0.672364444,i20_16_1.bmp,16,20
0.672672222,i20_16_2.bmp,16,20
0.600601111,i20_16_3.bmp,16,20
0.570571111,i20_16_4.bmp,16,20
0.524216667,i20_16_5.bmp,16,20
0.623931111,i20_17_1.bmp,17,20
0.703703333,i20_17_2.bmp,17,20
0.48048,i20_17_3.bmp,17,20
0.652421111,i20_17_4.bmp,17,20
0.393162222,i20_17_5.bmp,17,20
0.623931111,i20_18_1.bmp,18,20
0.581871111,i20_18_2.bmp,18,20
0.5,i20_18_3.bmp,18,20
0.45946,i20_18_4.bmp,18,20
0.45614,i20_18_5.bmp,18,20
0.646723333,i20_19_1.bmp,19,20
0.575498889,i20_19_2.bmp,19,20
0.532763333,i20_19_3.bmp,19,20
0.444444444,i20_19_4.bmp,19,20
0.384615556,i20_19_5.bmp,19,20
0.68421,i20_20_1.bmp,20,20
0.606837778,i20_20_2.bmp,20,20
0.532163333,i20_20_3.bmp,20,20
0.391813333,i20_20_4.bmp,20,20
0.301994444,i20_20_5.bmp,20,20
0.616958889,i20_21_1.bmp,21,20
0.52924,i20_21_2.bmp,21,20
0.444444444,i20_21_3.bmp,21,20
0.36036,i20_21_4.bmp,21,20
0.28655,i20_21_5.bmp,21,20
0.666666667,i20_22_1.bmp,22,20
0.567251111,i20_22_2.bmp,22,20
0.502924444,i20_22_3.bmp,22,20
0.456456667,i20_22_4.bmp,22,20
0.414414444,i20_22_5.bmp,22,20
0.660968889,i20_23_1.bmp,23,20
0.695156667,i20_23_2.bmp,23,20
0.646723333,i20_23_3.bmp,23,20
0.525525556,i20_23_4.bmp,23,20
0.350427778,i20_23_5.bmp,23,20
0.687134444,i20_24_1.bmp,24,20
0.564327778,i20_24_2.bmp,24,20
0.381381111,i20_24_3.bmp,24,20
0.219373333,i20_24_4.bmp,24,20
0.093567778,i20_24_5.bmp,24,20
0.612403333,I21_01_1.bmp,1,21
0.563307778,i21_01_2.bmp,1,21
0.498707778,i21_01_3.bmp,1,21
0.434108889,i21_01_4.bmp,1,21
0.387596667,i21_01_5.bmp,1,21
0.645502222,i21_02_1.bmp,2,21
0.614986667,i21_02_2.bmp,2,21
0.604651111,i21_02_3.bmp,2,21
0.534883333,i21_02_4.bmp,2,21
0.461111111,i21_02_5.bmp,2,21
0.488372222,i21_03_1.bmp,3,21
0.436314444,i21_03_2.bmp,3,21
0.351852222,i21_03_3.bmp,3,21
0.341085556,i21_03_4.bmp,3,21
0.284237778,i21_03_5.bmp,3,21
0.658914444,i21_04_1.bmp,4,21
0.669251111,i21_04_2.bmp,4,21
0.607045556,i21_04_3.bmp,4,21
0.592592222,i21_04_4.bmp,4,21
0.516666667,i21_04_5.bmp,4,21
0.633074444,i21_05_1.bmp,5,21
0.656331111,i21_05_2.bmp,5,21
0.568475556,i21_05_3.bmp,5,21
0.436507778,i21_05_4.bmp,5,21
0.333333333,i21_05_5.bmp,5,21
0.547425556,i21_06_1.bmp,6,21
0.486772222,i21_06_2.bmp,6,21
0.447154444,i21_06_3.bmp,6,21
0.388888889,i21_06_4.bmp,6,21
0.338624444,i21_06_5.bmp,6,21
0.558265556,i21_07_1.bmp,7,21
0.494444444,i21_07_2.bmp,7,21
0.462963333,i21_07_3.bmp,7,21
0.399471111,i21_07_4.bmp,7,21
0.351852222,i21_07_5.bmp,7,21
0.611111111,i21_08_1.bmp,8,21
0.539682222,i21_08_2.bmp,8,21
0.457364444,i21_08_3.bmp,8,21
0.359173333,i21_08_4.bmp,8,21
0.24031,i21_08_5.bmp,8,21
0.675,i21_09_1.bmp,9,21
0.687831111,i21_09_2.bmp,9,21
0.589946667,i21_09_3.bmp,9,21
0.418604444,i21_09_4.bmp,9,21
0.232557778,i21_09_5.bmp,9,21
0.701057778,i21_10_1.bmp,10,21
0.653438889,i21_10_2.bmp,10,21
0.571058889,i21_10_3.bmp,10,21
0.362433333,i21_10_4.bmp,10,21
0.214092222,i21_10_5.bmp,10,21
0.680216667,I21_11_1.BMP,11,21
0.599483333,i21_11_2.bmp,11,21
0.521164444,i21_11_3.bmp,11,21
0.333333333,i21_11_4.bmp,11,21
0.116278889,i21_11_5.bmp,11,21
0.643411111,i21_12_1.bmp,12,21
0.529715556,i21_12_2.bmp,12,21
0.666666667,i21_12_3.bmp,12,21
0.624338889,i21_12_4.bmp,12,21
0.224867778,i21_12_5.bmp,12,21
0.494708889,I21_13_1.BMP,13,21
0.410053333,i21_13_2.bmp,13,21
0.352303333,i21_13_3.bmp,13,21
0.260982222,i21_13_4.bmp,13,21
0.284237778,i21_13_5.bmp,13,21
0.656331111,i21_14_1.bmp,14,21
0.685636667,i21_14_2.bmp,14,21
0.661375556,i21_14_3.bmp,14,21
0.481481111,i21_14_4.bmp,14,21
0.405684444,i21_14_5.bmp,14,21
0.317073333,i21_15_1.bmp,15,21
0.363143333,i21_15_2.bmp,15,21
0.396825556,i21_15_3.bmp,15,21
0.417988889,i21_15_4.bmp,15,21
0.412698889,i21_15_5.bmp,15,21
0.680216667,i21_16_1.bmp,16,21
0.658914444,i21_16_2.bmp,16,21
0.634921111,i21_16_3.bmp,16,21
0.574074444,i21_16_4.bmp,16,21
0.51938,i21_16_5.bmp,16,21
0.593495556,i21_17_1.bmp,17,21
0.695766667,i21_17_2.bmp,17,21
0.484126667,i21_17_3.bmp,17,21
0.700258889,i21_17_4.bmp,17,21
0.394444444,i21_17_5.bmp,17,21
0.539682222,i21_18_1.bmp,18,21
0.479674444,i21_18_2.bmp,18,21
0.457672222,i21_18_3.bmp,18,21
0.401084444,i21_18_4.bmp,18,21
0.420634444,i21_18_5.bmp,18,21
0.597883333,i21_19_1.bmp,19,21
0.5323,i21_19_2.bmp,19,21
0.452381111,i21_19_3.bmp,19,21
0.404762222,i21_19_4.bmp,19,21
0.379844444,i21_19_5.bmp,19,21
0.663888889,i21_20_1.bmp,20,21
0.630491111,i21_20_2.bmp,20,21
0.632275556,i21_20_3.bmp,20,21
0.542635556,i21_20_4.bmp,20,21
0.426356667,i21_20_5.bmp,20,21
0.614986667,i21_21_1.bmp,21,21
0.571428889,i21_21_2.bmp,21,21
0.478835556,i21_21_3.bmp,21,21
0.402116667,i21_21_4.bmp,21,21
0.303523333,i21_21_5.bmp,21,21
0.595237778,i21_22_1.bmp,22,21
0.608465556,i21_22_2.bmp,22,21
0.49354,i21_22_3.bmp,22,21
0.374676667,i21_22_4.bmp,22,21
0.333333333,i21_22_5.bmp,22,21
0.679586667,i21_23_1.bmp,23,21
0.656084444,i21_23_2.bmp,23,21
0.630491111,i21_23_3.bmp,23,21
0.582011111,i21_23_4.bmp,23,21
0.31746,i21_23_5.bmp,23,21
0.653746667,i21_24_1.bmp,24,21
0.635658889,i21_24_2.bmp,24,21
0.555555556,i21_24_3.bmp,24,21
0.341463333,i21_24_4.bmp,24,21
0.058201111,i21_24_5.bmp,24,21
0.646198889,I22_01_1.bmp,1,22
0.581871111,i22_01_2.bmp,1,22
0.538461111,i22_01_3.bmp,1,22
0.461987778,i22_01_4.bmp,1,22
0.413105556,i22_01_5.bmp,1,22
0.622806667,i22_02_1.bmp,2,22
0.646723333,i22_02_2.bmp,2,22
0.608186667,i22_02_3.bmp,2,22
0.570175556,i22_02_4.bmp,2,22
0.508772222,i22_02_5.bmp,2,22
0.532763333,i22_03_1.bmp,3,22
0.482456667,i22_03_2.bmp,3,22
0.409356667,i22_03_3.bmp,3,22
0.34188,i22_03_4.bmp,3,22
0.3003,i22_03_5.bmp,3,22
0.641025556,i22_04_1.bmp,4,22
0.635327778,i22_04_2.bmp,4,22
0.603988889,i22_04_3.bmp,4,22
0.555555556,i22_04_4.bmp,4,22
0.478632222,i22_04_5.bmp,4,22
0.652046667,i22_05_1.bmp,5,22
0.631578889,i22_05_2.bmp,5,22
0.54131,i22_05_3.bmp,5,22
0.464912222,i22_05_4.bmp,5,22
0.353801111,i22_05_5.bmp,5,22
0.522522222,i22_06_1.bmp,6,22
0.471471111,i22_06_2.bmp,6,22
0.418128889,i22_06_3.bmp,6,22
0.396396667,i22_06_4.bmp,6,22
0.36036,i22_06_5.bmp,6,22
0.621082222,i22_07_1.bmp,7,22
0.564564444,i22_07_2.bmp,7,22
0.508772222,i22_07_3.bmp,7,22
0.432748889,i22_07_4.bmp,7,22
0.304843333,i22_07_5.bmp,7,22
0.605263333,i22_08_1.bmp,8,22
0.51462,i22_08_2.bmp,8,22
0.42042,i22_08_3.bmp,8,22
0.347578889,i22_08_4.bmp,8,22
0.282051111,i22_08_5.bmp,8,22
0.649572222,i22_09_1.bmp,9,22
0.614035556,i22_09_2.bmp,9,22
0.513513333,i22_09_3.bmp,9,22
0.37037,i22_09_4.bmp,9,22
0.22792,i22_09_5.bmp,9,22
0.648648889,i22_10_1.bmp,10,22
0.621082222,i22_10_2.bmp,10,22
0.555555556,i22_10_3.bmp,10,22
0.39886,i22_10_4.bmp,10,22
0.230994444,i22_10_5.bmp,10,22
0.595441111,I22_11_1.BMP,11,22
0.612535556,i22_11_2.bmp,11,22
0.473684444,i22_11_3.bmp,11,22
0.292397778,i22_11_4.bmp,11,22
0.096491111,i22_11_5.bmp,11,22
0.584795556,i22_12_1.bmp,12,22
0.641025556,i22_12_2.bmp,12,22
0.638176667,i22_12_3.bmp,12,22
0.48538,i22_12_4.bmp,12,22
0.307017778,i22_12_5.bmp,12,22
0.584045556,I22_13_1.BMP,13,22
0.492877778,i22_13_2.bmp,13,22
0.409356667,i22_13_3.bmp,13,22
0.319087778,i22_13_4.bmp,13,22
0.279202222,i22_13_5.bmp,13,22
0.641025556,i22_14_1.bmp,14,22
0.651234444,i22_14_2.bmp,14,22
0.640351111,i22_14_3.bmp,14,22
0.513513333,i22_14_4.bmp,14,22
0.45584,i22_14_5.bmp,14,22
0.339181111,i22_15_1.bmp,15,22
0.336257778,i22_15_2.bmp,15,22
0.357357778,i22_15_3.bmp,15,22
0.377193333,i22_15_4.bmp,15,22
0.415204444,i22_15_5.bmp,15,22
0.651651111,i22_16_1.bmp,16,22
0.60114,i22_16_2.bmp,16,22
0.672364444,i22_16_3.bmp,16,22
0.511695556,i22_16_4.bmp,16,22
0.584045556,i22_16_5.bmp,16,22
0.592592222,i22_17_1.bmp,17,22
0.666666667,i22_17_2.bmp,17,22
0.469135556,i22_17_3.bmp,17,22
0.692307778,i22_17_4.bmp,17,22
0.375375556,i22_17_5.bmp,17,22
0.57265,i22_18_1.bmp,18,22
0.520467778,i22_18_2.bmp,18,22
0.47076,i22_18_3.bmp,18,22
0.418128889,i22_18_4.bmp,18,22
0.361111111,i22_18_5.bmp,18,22
0.570175556,i22_19_1.bmp,19,22
0.570175556,i22_19_2.bmp,19,22
0.518518889,i22_19_3.bmp,19,22
0.444444444,i22_19_4.bmp,19,22
0.39886,i22_19_5.bmp,19,22
0.634503333,i22_20_1.bmp,20,22
0.637426667,i22_20_2.bmp,20,22
0.616958889,i22_20_3.bmp,20,22
0.54416,i22_20_4.bmp,20,22
0.405405556,i22_20_5.bmp,20,22
0.619883333,i22_21_1.bmp,21,22
0.55848,i22_21_2.bmp,21,22
0.517543333,i22_21_3.bmp,21,22
0.396011111,i22_21_4.bmp,21,22
0.292397778,i22_21_5.bmp,21,22
0.65812,i22_22_1.bmp,22,22
0.594594444,i22_22_2.bmp,22,22
0.54416,i22_22_3.bmp,22,22
0.494152222,i22_22_4.bmp,22,22
0.321637778,i22_22_5.bmp,22,22
0.702702222,i22_23_1.bmp,23,22
0.681286667,i22_23_2.bmp,23,22
0.578947778,i22_23_3.bmp,23,22
0.492877778,i22_23_4.bmp,23,22
0.233617778,i22_23_5.bmp,23,22
0.646723333,i22_24_1.bmp,24,22
0.602338889,i22_24_2.bmp,24,22
0.468468889,i22_24_3.bmp,24,22
0.250712222,i22_24_4.bmp,24,22
0.040935556,i22_24_5.bmp,24,22
0.631745556,I23_01_1.bmp,1,23
0.561904444,i23_01_2.bmp,1,23
0.529412222,i23_01_3.bmp,1,23
0.453967778,i23_01_4.bmp,1,23
0.415032222,i23_01_5.bmp,1,23
0.683006667,i23_02_1.bmp,2,23
0.649831111,i23_02_2.bmp,2,23
0.606348889,i23_02_3.bmp,2,23
0.55873,i23_02_4.bmp,2,23
0.480392222,i23_02_5.bmp,2,23
0.513072222,i23_03_1.bmp,3,23
0.463492222,i23_03_2.bmp,3,23
0.395424444,i23_03_3.bmp,3,23
0.362745556,i23_03_4.bmp,3,23
0.297385556,i23_03_5.bmp,3,23
0.624183333,i23_04_1.bmp,4,23
0.627451111,i23_04_2.bmp,4,23
0.591503333,i23_04_3.bmp,4,23
0.53268,i23_04_4.bmp,4,23
0.503267778,i23_04_5.bmp,4,23
0.673015556,i23_05_1.bmp,5,23
0.611111111,i23_05_2.bmp,5,23
0.565656667,i23_05_3.bmp,5,23
0.479365556,i23_05_4.bmp,5,23
0.372548889,i23_05_5.bmp,5,23
0.513072222,i23_06_1.bmp,6,23
0.48366,i23_06_2.bmp,6,23
0.447712222,i23_06_3.bmp,6,23
0.401961111,i23_06_4.bmp,6,23
0.366013333,i23_06_5.bmp,6,23
0.552287778,i23_07_1.bmp,7,23
0.427608889,i23_07_2.bmp,7,23
0.409523333,i23_07_3.bmp,7,23
0.382353333,i23_07_4.bmp,7,23
0.309764444,i23_07_5.bmp,7,23
0.660317778,i23_08_1.bmp,8,23
0.614378889,i23_08_2.bmp,8,23
0.519607778,i23_08_3.bmp,8,23
0.437908889,i23_08_4.bmp,8,23
0.307936667,i23_08_5.bmp,8,23
0.744107778,i23_09_1.bmp,9,23
0.673015556,i23_09_2.bmp,9,23
0.633986667,i23_09_3.bmp,9,23
0.473856667,i23_09_4.bmp,9,23
0.294117778,i23_09_5.bmp,9,23
0.663492222,i23_10_1.bmp,10,23
0.643791111,i23_10_2.bmp,10,23
0.558823333,i23_10_3.bmp,10,23
0.405228889,i23_10_4.bmp,10,23
0.266666667,i23_10_5.bmp,10,23
0.584126667,I23_11_1.BMP,11,23
0.507936667,i23_11_2.bmp,11,23
0.346405556,i23_11_3.bmp,11,23
0.249157778,i23_11_4.bmp,11,23
0.091503333,i23_11_5.bmp,11,23
0.6633,i23_12_1.bmp,12,23
0.638095556,i23_12_2.bmp,12,23
0.422222222,i23_12_3.bmp,12,23
0.320634444,i23_12_4.bmp,12,23
0.206348889,i23_12_5.bmp,12,23
0.504762222,I23_13_1.BMP,13,23
0.46128,i23_13_2.bmp,13,23
0.371428889,i23_13_3.bmp,13,23
0.27451,i23_13_4.bmp,13,23
0.287582222,i23_13_5.bmp,13,23
0.67619,i23_14_1.bmp,14,23
0.699346667,i23_14_2.bmp,14,23
0.562091111,i23_14_3.bmp,14,23
0.562091111,i23_14_4.bmp,14,23
0.4,i23_14_5.bmp,14,23
0.326984444,i23_15_1.bmp,15,23
0.330158889,i23_15_2.bmp,15,23
0.361904444,i23_15_3.bmp,15,23
0.379084444,i23_15_4.bmp,15,23
0.403174444,i23_15_5.bmp,15,23
0.703703333,i23_16_1.bmp,16,23
0.647618889,i23_16_2.bmp,16,23
0.647058889,i23_16_3.bmp,16,23
0.577777778,i23_16_4.bmp,16,23
0.634921111,i23_16_5.bmp,16,23
0.62963,i23_17_1.bmp,17,23
0.755555556,i23_17_2.bmp,17,23
0.536507778,i23_17_3.bmp,17,23
0.742856667,i23_17_4.bmp,17,23
0.431372222,i23_17_5.bmp,17,23
0.640523333,i23_18_1.bmp,18,23
0.627451111,i23_18_2.bmp,18,23
0.604575556,i23_18_3.bmp,18,23
0.561904444,i23_18_4.bmp,18,23
0.486927778,i23_18_5.bmp,18,23
0.634921111,i23_19_1.bmp,19,23
0.552381111,i23_19_2.bmp,19,23
0.513072222,i23_19_3.bmp,19,23
0.431745556,i23_19_4.bmp,19,23
0.380952222,i23_19_5.bmp,19,23
0.622222222,i23_20_1.bmp,20,23
0.56536,i23_20_2.bmp,20,23
0.454861111,i23_20_3.bmp,20,23
0.371428889,i23_20_4.bmp,20,23
0.295237778,i23_20_5.bmp,20,23
0.622222222,i23_21_1.bmp,21,23
0.53268,i23_21_2.bmp,21,23
0.457912222,i23_21_3.bmp,21,23
0.390476667,i23_21_4.bmp,21,23
0.267973333,i23_21_5.bmp,21,23
0.686274444,i23_22_1.bmp,22,23
0.653967778,i23_22_2.bmp,22,23
0.558823333,i23_22_3.bmp,22,23
0.51634,i23_22_4.bmp,22,23
0.444444444,i23_22_5.bmp,22,23
0.700336667,i23_23_1.bmp,23,23
0.656862222,i23_23_2.bmp,23,23
0.574603333,i23_23_3.bmp,23,23
0.417508889,i23_23_4.bmp,23,23
0.333333333,i23_23_5.bmp,23,23
0.650326667,i23_24_1.bmp,24,23
0.526143333,i23_24_2.bmp,24,23
0.408496667,i23_24_3.bmp,24,23
0.191918889,i23_24_4.bmp,24,23
0.087542222,i23_24_5.bmp,24,23
0.653967778,I24_01_1.bmp,1,24
0.561728889,i24_01_2.bmp,1,24
0.524691111,i24_01_3.bmp,1,24
0.460317778,i24_01_4.bmp,1,24
0.398147778,i24_01_5.bmp,1,24
0.716048889,i24_02_1.bmp,2,24
0.656862222,i24_02_2.bmp,2,24
0.570987778,i24_02_3.bmp,2,24
0.565078889,i24_02_4.bmp,2,24
0.503086667,i24_02_5.bmp,2,24
0.533333333,i24_03_1.bmp,3,24
0.473015556,i24_03_2.bmp,3,24
0.425396667,i24_03_3.bmp,3,24
0.365078889,i24_03_4.bmp,3,24
0.299382222,i24_03_5.bmp,3,24
0.650793333,i24_04_1.bmp,4,24
0.648147778,i24_04_2.bmp,4,24
0.614378889,i24_04_3.bmp,4,24
0.574074444,i24_04_4.bmp,4,24
0.507936667,i24_04_5.bmp,4,24
0.645062222,i24_05_1.bmp,5,24
0.592592222,i24_05_2.bmp,5,24
0.570987778,i24_05_3.bmp,5,24
0.447618889,i24_05_4.bmp,5,24
0.361111111,i24_05_5.bmp,5,24
0.51634,i24_06_1.bmp,6,24
0.485714444,i24_06_2.bmp,6,24
0.44127,i24_06_3.bmp,6,24
0.407407778,i24_06_4.bmp,6,24
0.365078889,i24_06_5.bmp,6,24
0.614197778,i24_07_1.bmp,7,24
0.507936667,i24_07_2.bmp,7,24
0.454248889,i24_07_3.bmp,7,24
0.320634444,i24_07_4.bmp,7,24
0.271604444,i24_07_5.bmp,7,24
0.660493333,i24_08_1.bmp,8,24
0.552381111,i24_08_2.bmp,8,24
0.450793333,i24_08_3.bmp,8,24
0.352941111,i24_08_4.bmp,8,24
0.29085,i24_08_5.bmp,8,24
0.666666667,i24_09_1.bmp,9,24
0.588235556,i24_09_2.bmp,9,24
0.503086667,i24_09_3.bmp,9,24
0.376543333,i24_09_4.bmp,9,24
0.222222222,i24_09_5.bmp,9,24
0.653967778,i24_10_1.bmp,10,24
0.647618889,i24_10_2.bmp,10,24
0.51746,i24_10_3.bmp,10,24
0.364197778,i24_10_4.bmp,10,24
0.205882222,i24_10_5.bmp,10,24
0.6,I24_11_1.BMP,11,24
0.521885556,i24_11_2.bmp,11,24
0.447712222,i24_11_3.bmp,11,24
0.285714444,i24_11_4.bmp,11,24
0.101852222,i24_11_5.bmp,11,24
0.631745556,i24_12_1.bmp,12,24
0.67619,i24_12_2.bmp,12,24
0.609427778,i24_12_3.bmp,12,24
0.388888889,i24_12_4.bmp,12,24
0.287036667,i24_12_5.bmp,12,24
0.45098,I24_13_1.BMP,13,24
0.415873333,i24_13_2.bmp,13,24
0.368254444,i24_13_3.bmp,13,24
0.320987778,i24_13_4.bmp,13,24
0.277777778,i24_13_5.bmp,13,24
0.666666667,i24_14_1.bmp,14,24
0.663492222,i24_14_2.bmp,14,24
0.593651111,i24_14_3.bmp,14,24
0.570987778,i24_14_4.bmp,14,24
0.515432222,i24_14_5.bmp,14,24
0.447531111,i24_15_1.bmp,15,24
0.488888889,i24_15_2.bmp,15,24
0.431745556,i24_15_3.bmp,15,24
0.407407778,i24_15_4.bmp,15,24
0.376543333,i24_15_5.bmp,15,24
0.663492222,i24_16_1.bmp,16,24
0.679012222,i24_16_2.bmp,16,24
0.606348889,i24_16_3.bmp,16,24
0.623456667,i24_16_4.bmp,16,24
0.542856667,i24_16_5.bmp,16,24
0.638888889,i24_17_1.bmp,17,24
0.719135556,i24_17_2.bmp,17,24
0.533951111,i24_17_3.bmp,17,24
0.746913333,i24_17_4.bmp,17,24
0.4,i24_17_5.bmp,17,24
0.533333333,i24_18_1.bmp,18,24
0.488215556,i24_18_2.bmp,18,24
0.43464,i24_18_3.bmp,18,24
0.457143333,i24_18_4.bmp,18,24
0.421568889,i24_18_5.bmp,18,24
0.619047778,i24_19_1.bmp,19,24
0.575163333,i24_19_2.bmp,19,24
0.530864444,i24_19_3.bmp,19,24
0.454248889,i24_19_4.bmp,19,24
0.428571111,i24_19_5.bmp,19,24
0.68254,i24_20_1.bmp,20,24
0.623456667,i24_20_2.bmp,20,24
0.574603333,i24_20_3.bmp,20,24
0.447618889,i24_20_4.bmp,20,24
0.390476667,i24_20_5.bmp,20,24
0.641975556,i24_21_1.bmp,21,24
0.536507778,i24_21_2.bmp,21,24
0.460317778,i24_21_3.bmp,21,24
0.373456667,i24_21_4.bmp,21,24
0.298412222,i24_21_5.bmp,21,24
0.64127,i24_22_1.bmp,22,24
0.558823333,i24_22_2.bmp,22,24
0.513072222,i24_22_3.bmp,22,24
0.37037,i24_22_4.bmp,22,24
0.304762222,i24_22_5.bmp,22,24
0.644444444,i24_23_1.bmp,23,24
0.669753333,i24_23_2.bmp,23,24
0.631745556,i24_23_3.bmp,23,24
0.56536,i24_23_4.bmp,23,24
0.254902222,i24_23_5.bmp,23,24
0.633986667,i24_24_1.bmp,24,24
0.593651111,i24_24_2.bmp,24,24
0.48254,i24_24_3.bmp,24,24
0.304762222,i24_24_4.bmp,24,24
0.046296667,i24_24_5.bmp,24,24
0.571428889,I25_01_1.bmp,1,25
0.519607778,i25_01_2.bmp,1,25
0.488888889,i25_01_3.bmp,1,25
0.431745556,i25_01_4.bmp,1,25
0.382715556,i25_01_5.bmp,1,25
0.615873333,i25_02_1.bmp,2,25
0.58642,i25_02_2.bmp,2,25
0.583333333,i25_02_3.bmp,2,25
0.495237778,i25_02_4.bmp,2,25
0.419047778,i25_02_5.bmp,2,25
0.444444444,i25_03_1.bmp,3,25
0.398147778,i25_03_2.bmp,3,25
0.361111111,i25_03_3.bmp,3,25
0.32381,i25_03_4.bmp,3,25
0.268518889,i25_03_5.bmp,3,25
0.710437778,i25_04_1.bmp,4,25
0.685185556,i25_04_2.bmp,4,25
0.654321111,i25_04_3.bmp,4,25
0.611111111,i25_04_4.bmp,4,25
0.581698889,i25_04_5.bmp,4,25
0.592592222,i25_05_1.bmp,5,25
0.584126667,i25_05_2.bmp,5,25
0.512345556,i25_05_3.bmp,5,25
0.428571111,i25_05_4.bmp,5,25
0.305555556,i25_05_5.bmp,5,25
0.488888889,i25_06_1.bmp,6,25
0.47619,i25_06_2.bmp,6,25
0.411764444,i25_06_3.bmp,6,25
0.385802222,i25_06_4.bmp,6,25
0.33642,i25_06_5.bmp,6,25
0.388888889,i25_07_1.bmp,7,25
0.349206667,i25_07_2.bmp,7,25
0.3367,i25_07_3.bmp,7,25
0.301587778,i25_07_4.bmp,7,25
0.304762222,i25_07_5.bmp,7,25
0.614378889,i25_08_1.bmp,8,25
0.561728889,i25_08_2.bmp,8,25
0.477124444,i25_08_3.bmp,8,25
0.352941111,i25_08_4.bmp,8,25
0.216048889,i25_08_5.bmp,8,25
0.648147778,i25_09_1.bmp,9,25
0.577777778,i25_09_2.bmp,9,25
0.469841111,i25_09_3.bmp,9,25
0.346405556,i25_09_4.bmp,9,25
0.148147778,i25_09_5.bmp,9,25
0.650793333,i25_10_1.bmp,10,25
0.619047778,i25_10_2.bmp,10,25
0.473015556,i25_10_3.bmp,10,25
0.238562222,i25_10_4.bmp,10,25
0.16358,i25_10_5.bmp,10,25
0.67619,I25_11_1.BMP,11,25
0.651234444,i25_11_2.bmp,11,25
0.595678889,i25_11_3.bmp,11,25
0.552468889,i25_11_4.bmp,11,25
0.511111111,i25_11_5.bmp,11,25
0.669753333,i25_12_1.bmp,12,25
0.644444444,i25_12_2.bmp,12,25
0.537036667,i25_12_3.bmp,12,25
0.558922222,i25_12_4.bmp,12,25
0.518518889,i25_12_5.bmp,12,25
0.536507778,I25_13_1.BMP,13,25
0.634921111,i25_13_2.bmp,13,25
0.409523333,i25_13_3.bmp,13,25
0.507936667,i25_13_4.bmp,13,25
0.336507778,i25_13_5.bmp,13,25
0.634921111,i25_14_1.bmp,14,25
0.571428889,i25_14_2.bmp,14,25
0.56536,i25_14_3.bmp,14,25
0.425396667,i25_14_4.bmp,14,25
0.345678889,i25_14_5.bmp,14,25
0.364197778,i25_15_1.bmp,15,25
0.326598889,i25_15_2.bmp,15,25
0.391975556,i25_15_3.bmp,15,25
0.441176667,i25_15_4.bmp,15,25
0.460317778,i25_15_5.bmp,15,25
0.657407778,i25_16_1.bmp,16,25
0.712963333,i25_16_2.bmp,16,25
0.64127,i25_16_3.bmp,16,25
0.617284444,i25_16_4.bmp,16,25
0.496732222,i25_16_5.bmp,16,25
0.623456667,i25_17_1.bmp,17,25
0.761904444,i25_17_2.bmp,17,25
0.498412222,i25_17_3.bmp,17,25
0.709876667,i25_17_4.bmp,17,25
0.365078889,i25_17_5.bmp,17,25
0.623456667,i25_18_1.bmp,18,25
0.562091111,i25_18_2.bmp,18,25
0.493826667,i25_18_3.bmp,18,25
0.444444444,i25_18_4.bmp,18,25
0.297385556,i25_18_5.bmp,18,25
0.574074444,i25_19_1.bmp,19,25
0.47619,i25_19_2.bmp,19,25
0.425925556,i25_19_3.bmp,19,25
0.421568889,i25_19_4.bmp,19,25
0.371428889,i25_19_5.bmp,19,25
0.630718889,i25_20_1.bmp,20,25
0.615873333,i25_20_2.bmp,20,25
0.555555556,i25_20_3.bmp,20,25
0.552468889,i25_20_4.bmp,20,25
0.450793333,i25_20_5.bmp,20,25
0.574603333,i25_21_1.bmp,21,25
0.495237778,i25_21_2.bmp,21,25
0.542856667,i25_21_3.bmp,21,25
0.380952222,i25_21_4.bmp,21,25
0.32381,i25_21_5.bmp,21,25
0.533951111,i25_22_1.bmp,22,25
0.472222222,i25_22_2.bmp,22,25
0.421568889,i25_22_3.bmp,22,25
0.377777778,i25_22_4.bmp,22,25
0.310457778,i25_22_5.bmp,22,25
0.700617778,i25_23_1.bmp,23,25
0.697531111,i25_23_2.bmp,23,25
0.685714444,i25_23_3.bmp,23,25
0.68254,i25_23_4.bmp,23,25
0.663492222,i25_23_5.bmp,23,25
0.628571111,i25_24_1.bmp,24,25
0.604937778,i25_24_2.bmp,24,25
0.514285556,i25_24_3.bmp,24,25
0.447531111,i25_24_4.bmp,24,25
0.307936667,i25_24_5.bmp,24,25
